time,goodput,replaced
1575000618,3,3
1575000618,638,638
1575000618,570,570
1575000618,394,394
1575000618,308,308
1575000618,302,302
1575000618,302,302
1575000618,300,300
1575000618,300,300
1575000618,298,298
1575000618,299,299
1575000618,302,302
1575000618,299,299
1575000618,298,298
1575000618,307,307
1575000618,304,304
1575000618,305,305
1575000618,305,305
1575000618,302,302
1575000618,307,307
1575000618,313,313
1575000618,312,312
1575000618,308,308
1575000618,309,309
1575000618,311,311
1575000618,313,313
1575000618,317,317
1575000618,313,313
1575000618,322,322
1575000618,330,330
1575000618,327,326
1575000618,326,325
1575000618,330,329
1575000618,331,330
1575000618,339,338
1575000618,334,333
1575000618,332,331
1575000618,330,329
1575000618,536,535
1575000618,320,319
1575000618,323,322
1575000618,320,319
1575000618,300,299
1575000618,309,308
1575000618,309,308
1575000618,481,480
1575000618,328,327
1575000618,296,295
1575000618,291,290
1575000618,300,299
1575000618,293,292
1575000618,288,287
1575000618,290,289
1575000618,287,286
1575000618,291,290
1575000618,288,287
1575000618,285,284
1575000618,293,292
1575000618,293,292
1575000618,295,294
1575000618,307,306
1575000618,306,305
1575000618,305,304
1575000618,302,301
1575000618,295,294
1575000618,313,312
1575000618,308,307
1575000618,313,312
1575000618,305,304
1575000618,314,313
1575000618,321,320
1575000618,317,316
1575000618,316,315
1575000618,329,328
1575000618,337,336
1575000618,347,346
1575000618,342,341
1575000618,341,340
1575000618,335,334
1575000618,331,330
1575000618,330,329
1575000618,326,325
1575000618,330,329
1575000618,333,332
1575000618,331,330
1575000618,328,327
1575000618,329,328
1575000618,334,333
1575000618,598,597
1575000618,317,316
1575000618,316,315
1575000618,310,309
1575000618,292,291
1575000618,291,290
1575000618,304,303
1575000618,308,307
1575000618,316,315
1575000618,324,323
1575000618,324,323
1575000618,323,322
1575000618,320,319
1575000618,313,312
1575000618,320,319
1575000618,319,318
1575000618,328,327
1575000618,322,321
1575000618,311,310
1575000618,329,328
1575000618,347,346
1575000618,332,331
1575000618,338,337
1575000618,334,333
1575000618,338,337
1575000618,337,336
1575000618,341,340
1575000618,347,346
1575000618,336,335
1575000618,339,338
1575000618,328,327
1575000618,331,330
1575000618,325,324
1575000618,336,335
1575000618,335,334
1575000618,338,337
1575000618,564,563
1575000618,506,505
1575000618,314,313
1575000618,318,317
1575000618,298,297
1575000618,297,296
1575000618,433,432
1575000618,294,293
1575000618,289,288
1575000618,292,291
1575000618,299,298
1575000618,291,290
1575000618,295,294
1575000618,303,302
1575000618,289,288
1575000618,286,285
1575000618,293,292
1575000618,313,312
1575000618,303,302
1575000618,311,310
1575000618,305,304
1575000618,311,310
1575000618,331,330
1575000618,324,323
1575000618,318,317
1575000618,335,334
1575000618,337,336
1575000618,333,332
1575000618,341,340
1575000618,339,338
1575000618,333,332
1575000618,326,325
1575000618,326,325
1575000618,324,323
1575000618,336,335
1575000618,338,337
1575000618,341,340
1575000618,327,326
1575000618,324,323
1575000618,319,318
1575000618,350,349
1575000618,345,344
1575000618,347,346
1575000618,345,344
1575000618,348,347
1575000618,349,348
1575000618,338,337
1575000618,349,348
1575000618,337,336
1575000618,451,450
1575000618,554,553
1575000618,320,319
1575000618,311,310
1575000618,297,296
1575000618,299,298
1575000618,300,299
1575000618,317,316
1575000618,308,307
1575000618,316,315
1575000618,324,323
1575000618,316,315
1575000618,328,327
1575000618,331,330
1575000618,329,328
1575000618,322,321
1575000618,322,321
1575000618,322,321
1575000618,321,320
1575000618,307,306
1575000618,333,332
1575000618,335,334
1575000618,324,323
1575000618,2726,2726
1575000618,2296,2296
1575000618,361,361
1575000618,208,208
1575000618,226,226
1575000618,276,276
1575000618,321,321
1575000618,467,467
1575000618,516,516
1575000618,507,507
1575000618,388,388
1575000618,208,208
1575000618,67,67
1575000618,3388,3388
1575000618,553,553
1575000618,552,552
1575000618,585,585
1575000618,633,633
1575000618,615,615
1575000618,593,593
1575000618,530,530
1575000618,420,420
1575000618,340,340
1575000618,158,158
1575000618,2118,2118
1575000618,980,980
1575000618,404,404
1575000618,426,426
1575000618,436,436
1575000618,447,447
1575000618,450,450
1575000618,473,473
1575000618,506,506
1575000618,9520,9520
1575000618,5313,5313
1575000618,890,890
1575000618,776,776
1575000618,862,862
1575000618,637,637
1575000618,685,685
1575000618,703,703
1575000618,729,729
1575000618,776,776
1575000618,791,791
1575000618,750,750
1575000618,647,647
1575000618,556,556
1575000618,59,59
1575000618,6282,6282
1575000618,753,753
1575000618,650,650
1575000618,705,705
1575000618,534,534
1575000618,653,653
1575000618,565,565
1575000618,616,616
1575000618,648,648
1575000618,687,687
1575000618,671,671
1575000618,758,758
1575000618,998,998
1575000618,1070,1070
1575000618,786,786
1575000618,60,60
1575000618,8866,8866
1575000618,1291,1291
1575000618,1367,1367
1575000618,1301,1301
1575000618,1324,1324
1575000618,1126,1126
1575000618,1396,1396
1575000618,1272,1272
1575000618,1189,1189
1575000618,1028,1028
1575000618,1276,1276
1575000618,1195,1195
1575000618,1044,1044
1575000618,53,53
1575000618,13076,13076
1575000618,1307,1236
1575000618,1230,1159
1575000618,1778,1707
1575000618,1517,1446
1575000618,1766,1695
1575000618,1470,1399
1575000618,1608,1537
1575000618,1763,1692
1575000618,1477,1406
1575000618,1194,1123
1575000618,116,45
1575000618,10884,10813
1575000618,2631,2560
1575000618,2605,2534
1575000618,2295,2224
1575000618,2476,2405
1575000618,2279,2208
1575000618,2045,1974
1575000618,2270,2199
1575000618,1915,1844
1575000618,1947,1876
1575000618,1809,1738
1575000618,1863,1792
1575000618,111,40
1575000618,12267,12196
1575000618,10058,9987
1575000618,2513,2442
1575000618,2487,2416
1575000618,2051,1980
1575000618,1709,1638
1575000618,1155,1084
1575000618,1265,1194
1575000618,1293,1222
1575000618,1912,1841
1575000618,2069,1998
1575000618,132,61
1575000619,327,326
1575000619,328,327
1575000619,341,340
1575000619,340,339
1575000619,329,328
1575000619,314,313
1575000619,325,324
1575000619,319,318
1575000619,332,331
1575000619,333,332
1575000619,324,323
1575000619,322,321
1575000619,327,326
1575000619,525,524
1575000619,434,433
1575000619,306,305
1575000619,302,301
1575000619,309,308
1575000619,438,437
1575000619,321,320
1575000619,560,559
1575000619,300,299
1575000619,291,290
1575000619,302,301
1575000619,300,299
1575000619,301,300
1575000619,296,295
1575000619,303,302
1575000619,295,294
1575000619,291,290
1575000619,301,300
1575000619,304,303
1575000619,303,302
1575000619,310,309
1575000619,314,313
1575000619,336,335
1575000619,327,326
1575000619,316,315
1575000619,325,324
1575000619,317,316
1575000619,332,331
1575000619,338,337
1575000619,315,314
1575000619,323,322
1575000619,330,329
1575000619,318,317
1575000619,330,329
1575000619,336,335
1575000619,325,324
1575000619,338,337
1575000619,337,336
1575000619,328,327
1575000619,341,340
1575000619,329,328
1575000619,339,338
1575000619,336,335
1575000619,337,336
1575000619,329,328
1575000619,330,329
1575000619,335,334
1575000619,330,329
1575000619,324,323
1575000619,334,333
1575000619,575,574
1575000619,577,576
1575000619,315,314
1575000619,307,306
1575000619,301,300
1575000619,301,300
1575000619,303,302
1575000619,313,312
1575000619,301,300
1575000619,314,313
1575000619,300,299
1575000619,301,300
1575000619,318,317
1575000619,330,329
1575000619,333,332
1575000619,343,342
1575000619,350,349
1575000619,329,328
1575000619,348,347
1575000619,354,353
1575000619,344,343
1575000619,354,353
1575000619,352,351
1575000619,353,352
1575000619,340,339
1575000619,352,351
1575000619,348,347
1575000619,341,340
1575000619,341,340
1575000619,337,336
1575000619,340,339
1575000619,345,344
1575000619,343,342
1575000619,352,351
1575000619,345,344
1575000619,345,344
1575000619,337,336
1575000619,507,506
1575000619,293,292
1575000619,299,298
1575000619,299,298
1575000619,290,289
1575000619,281,280
1575000619,448,447
1575000619,290,289
1575000619,287,286
1575000619,289,288
1575000619,296,295
1575000619,290,289
1575000619,301,300
1575000619,296,295
1575000619,298,297
1575000619,338,337
1575000619,296,295
1575000619,393,392
1575000619,483,482
1575000619,510,509
1575000619,537,536
1575000619,287,286
1575000619,295,294
1575000619,293,292
1575000619,294,293
1575000619,290,289
1575000619,409,408
1575000619,467,466
1575000619,309,308
1575000619,307,306
1575000619,316,315
1575000619,312,311
1575000619,317,316
1575000619,311,310
1575000619,387,386
1575000619,396,395
1575000619,297,296
1575000619,315,314
1575000619,308,307
1575000619,324,323
1575000619,325,324
1575000619,317,316
1575000619,313,312
1575000619,300,299
1575000619,301,300
1575000619,316,315
1575000619,505,504
1575000619,483,482
1575000619,574,573
1575000619,445,444
1575000619,416,415
1575000619,296,295
1575000619,294,293
1575000619,289,288
1575000619,287,286
1575000619,290,289
1575000619,294,293
1575000619,291,290
1575000619,300,299
1575000619,301,300
1575000619,299,298
1575000619,309,308
1575000619,333,332
1575000619,335,334
1575000619,337,336
1575000619,337,336
1575000619,335,334
1575000619,344,343
1575000619,337,336
1575000619,342,341
1575000619,344,343
1575000619,340,339
1575000619,347,346
1575000619,347,346
1575000619,343,342
1575000619,345,344
1575000619,338,337
1575000619,351,350
1575000619,358,357
1575000619,350,349
1575000619,326,325
1575000619,339,338
1575000619,355,354
1575000619,351,350
1575000619,346,345
1575000619,551,550
1575000619,334,333
1575000619,329,328
1575000619,318,317
1575000619,317,316
1575000619,7263,7192
1575000619,1525,1454
1575000619,2215,2144
1575000619,2112,2041
1575000619,1983,1912
1575000619,2273,2202
1575000619,2135,2064
1575000619,1835,1764
1575000619,1653,1582
1575000619,1139,1068
1575000619,1538,1467
1575000619,1327,1256
1575000619,115,44
1575000619,6832,0
1575000619,1879,0
1575000619,1624,0
1575000619,2440,0
1575000619,2040,0
1575000619,2450,0
1575000619,1940,0
1575000619,12066,0
1575000619,8408,0
1575000619,1925,0
1575000619,1370,0
1575000619,1265,0
1575000619,1084,0
1575000619,1276,0
1575000619,1787,0
1575000619,1811,0
1575000619,1861,0
1575000619,1711,0
1575000619,1358,0
1575000619,64,0
1575000619,6768,0
1575000619,1209,0
1575000619,1450,0
1575000619,980,0
1575000619,619,0
1575000619,582,0
1575000619,842,0
1575000619,931,0
1575000619,1089,0
1575000619,1133,0
1575000619,1258,0
1575000619,1017,0
1575000619,937,0
1575000619,1011,0
1575000619,882,0
1575000619,63,0
1575000619,4641,0
1575000619,1135,0
1575000619,1293,0
1575000619,1736,0
1575000619,1320,0
1575000619,1223,0
1575000619,1141,0
1575000619,1044,0
1575000619,893,0
1575000619,755,0
1575000619,50,0
1575000619,926,0
1575000619,1009,0
1575000619,982,0
1575000619,1078,0
1575000619,994,0
1575000619,1216,0
1575000619,1257,0
1575000620,5353,0
1575000620,4591,0
1575000620,1153,0
1575000620,1009,0
1575000620,1020,0
1575000620,849,0
1575000620,946,0
1575000620,899,0
1575000620,942,0
1575000620,1198,0
1575000620,1267,0
1575000620,61,0
1575000620,1361,0
1575000620,1320,0
1575000620,1473,0
1575000620,1133,0
1575000620,1235,0
1575000620,5520,0
1575000620,6616,0
1575000620,1201,0
1575000620,1235,0
1575000620,1426,0
1575000620,1007,0
1575000620,818,0
1575000620,850,0
1575000620,1112,0
1575000620,1798,0
1575000620,1150,0
1575000620,1008,0
1575000620,58,0
1575000620,6839,0
1575000620,1346,0
1575000620,1435,0
1575000620,1573,0
1575000620,1623,0
1575000620,1569,0
1575000620,1541,0
1575000620,1567,0
1575000620,1566,0
1575000620,1469,0
1575000620,1352,0
1575000620,46,0
1575000620,7150,0
1575000620,1810,0
1575000620,1572,0
1575000620,1675,0
1575000620,1814,0
1575000620,2136,0
1575000620,1922,0
1575000620,1770,0
1575000620,1399,0
1575000620,1055,0
1575000620,48,0
1575000620,6384,0
1575000620,1749,0
1575000620,1708,0
1575000620,1478,0
1575000620,1659,0
1575000620,1537,0
1575000620,1615,0
1575000620,1954,0
1575000620,2076,0
1575000620,1740,0
1575000620,1601,0
1575000620,1348,0
1575000620,47,0
1575000620,11353,0
1575000620,2363,0
1575000620,2199,0
1575000620,2716,0
1575000620,1581,0
1575000620,2004,0
1575000620,2049,0
1575000620,2162,0
1575000620,5876,0
1575000620,7306,0
1575000620,2363,0
1575000620,2365,0
1575000620,2385,0
1575000620,2048,0
1575000620,1593,0
1575000620,1356,0
1575000620,1318,0
1575000620,1100,0
1575000620,1170,0
1575000620,1466,0
1575000620,66,0
1575000620,6681,0
1575000620,2948,0
1575000620,3154,0
1575000620,2959,0
1575000620,2689,0
1575000620,2311,0
1575000620,2191,0
1575000620,2005,0
1575000620,1733,0
1575000620,1248,0
1575000620,52,0
1575000620,8487,0
1575000620,2926,0
1575000620,3345,0
1575000620,3016,0
1575000620,3413,0
1575000620,2021,0
1575000620,2132,0
1575000620,2170,0
1575000620,2415,0
1575000620,2646,0
1575000620,49,0
1575000620,13635,0
1575000620,7877,0
1575000620,908,0
1575000620,935,0
1575000620,975,0
1575000620,970,0
1575000620,986,0
1575000620,932,0
1575000620,907,0
1575000620,952,0
1575000620,952,0
1575000620,906,0
1575000620,837,0
1575000620,717,0
1575000620,49,0
1575000620,11489,0
1575000620,1097,0
1575000620,1060,0
1575000620,1067,0
1575000620,1077,0
1575000620,1042,0
1575000620,1036,0
1575000620,996,0
1575000620,949,0
1575000620,985,0
1575000620,897,0
1575000620,841,0
1575000620,663,0
1575000620,52,0
1575000620,10486,0
1575000620,958,0
1575000620,1020,0
1575000620,981,0
1575000620,981,0
1575000620,952,0
1575000620,817,0
1575000620,826,0
1575000620,764,0
1575000620,765,0
1575000620,678,0
1575000620,574,0
1575000620,339,0
1575000620,48,0
1575000620,321,320
1575000620,329,328
1575000620,420,419
1575000620,353,352
1575000620,299,298
1575000620,301,300
1575000620,300,299
1575000620,301,300
1575000620,308,307
1575000620,306,305
1575000620,302,301
1575000620,300,299
1575000620,314,313
1575000620,307,306
1575000620,339,338
1575000620,329,328
1575000620,331,330
1575000620,347,346
1575000620,327,326
1575000620,329,328
1575000620,318,317
1575000620,336,335
1575000620,338,337
1575000620,347,346
1575000620,346,345
1575000620,349,348
1575000620,345,344
1575000620,352,351
1575000620,341,340
1575000620,326,325
1575000620,338,337
1575000620,337,336
1575000620,335,334
1575000620,345,344
1575000620,347,346
1575000620,333,332
1575000620,336,335
1575000620,343,342
1575000620,344,343
1575000620,351,350
1575000620,361,360
1575000620,347,346
1575000620,348,347
1575000620,349,348
1575000620,338,337
1575000620,634,633
1575000620,293,292
1575000620,309,308
1575000620,293,292
1575000620,293,292
1575000620,301,300
1575000620,297,296
1575000620,305,304
1575000620,312,311
1575000620,306,305
1575000620,326,325
1575000620,323,322
1575000620,328,327
1575000620,334,333
1575000620,342,341
1575000620,344,343
1575000620,344,343
1575000620,339,338
1575000620,341,340
1575000620,336,335
1575000620,341,340
1575000620,346,345
1575000620,340,339
1575000620,332,331
1575000620,326,325
1575000620,343,342
1575000620,337,336
1575000620,336,335
1575000620,337,336
1575000620,341,340
1575000620,334,333
1575000620,338,337
1575000620,334,333
1575000620,325,324
1575000620,336,335
1575000620,336,335
1575000620,628,627
1575000620,444,443
1575000620,310,309
1575000620,308,307
1575000620,464,463
1575000620,466,465
1575000620,524,523
1575000620,299,298
1575000620,287,286
1575000620,295,294
1575000620,296,295
1575000620,288,287
1575000620,295,294
1575000620,288,287
1575000620,295,294
1575000620,295,294
1575000620,306,305
1575000620,311,310
1575000620,318,317
1575000620,320,319
1575000620,313,312
1575000620,314,313
1575000620,307,306
1575000620,310,309
1575000620,320,319
1575000620,332,331
1575000620,330,329
1575000620,327,326
1575000620,329,328
1575000620,324,323
1575000620,324,323
1575000620,332,331
1575000620,326,325
1575000620,328,327
1575000620,336,335
1575000620,326,325
1575000620,333,332
1575000620,328,327
1575000620,331,330
1575000620,345,344
1575000620,332,331
1575000620,329,328
1575000620,324,323
1575000620,347,346
1575000620,330,329
1575000620,349,348
1575000620,346,345
1575000620,331,330
1575000620,345,344
1575000620,541,540
1575000620,471,470
1575000620,281,280
1575000620,308,307
1575000620,316,315
1575000620,307,306
1575000620,304,303
1575000620,294,293
1575000620,298,297
1575000620,306,305
1575000620,322,321
1575000620,314,313
1575000620,328,327
1575000620,306,305
1575000620,317,316
1575000620,325,324
1575000620,332,331
1575000620,330,329
1575000620,333,332
1575000620,335,334
1575000620,335,334
1575000620,336,335
1575000620,334,333
1575000620,343,342
1575000620,346,345
1575000620,349,348
1575000620,344,343
1575000620,340,339
1575000620,327,326
1575000620,320,319
1575000620,322,321
1575000620,325,324
1575000620,333,332
1575000620,321,320
1575000620,325,324
1575000620,337,336
1575000620,560,559
1575000620,500,499
1575000620,280,279
1575000620,313,312
1575000620,478,477
1575000620,330,329
1575000620,312,311
1575000620,497,496
1575000620,300,299
1575000620,285,284
1575000620,299,298
1575000620,299,298
1575000620,291,290
1575000620,292,291
1575000620,286,285
1575000620,285,284
1575000620,294,293
1575000620,309,308
1575000620,297,296
1575000620,298,297
1575000620,309,308
1575000620,304,303
1575000620,316,315
1575000620,306,305
1575000620,299,298
1575000620,310,309
1575000620,312,311
1575000620,339,338
1575000620,335,334
1575000620,593,592
1575000620,306,305
1575000620,347,346
1575000620,448,447
1575000620,359,358
1575000620,404,403
1575000620,290,289
1575000620,454,453
1575000620,607,606
1575000620,552,551
1575000620,495,494
1575000620,537,536
1575000620,513,512
1575000620,597,596
1575000620,531,530
1575000620,589,588
1575000620,509,508
1575000620,501,500
1575000620,639,638
1575000620,439,438
1575000620,503,502
1575000620,553,552
1575000620,299,298
1575000620,307,306
1575000620,303,302
1575000620,296,295
1575000620,311,310
1575000620,299,298
1575000620,313,312
1575000620,417,416
1575000620,290,289
1575000620,284,283
1575000620,295,294
1575000620,303,302
1575000620,313,312
1575000620,304,303
1575000620,305,304
1575000620,301,300
1575000620,317,316
1575000620,312,311
1575000620,314,313
1575000620,318,317
1575000620,332,331
1575000620,321,320
1575000620,324,323
1575000620,315,314
1575000620,306,305
1575000620,297,296
1575000620,311,310
1575000620,302,301
1575000620,293,292
1575000620,294,293
1575000620,295,294
1575000620,299,298
1575000620,300,299
1575000620,307,306
1575000620,306,305
1575000620,374,373
1575000620,292,291
1575000620,306,305
1575000620,313,312
1575000620,317,316
1575000620,446,445
1575000620,303,302
1575000620,538,537
1575000620,290,289
1575000620,294,293
1575000620,288,287
1575000620,292,291
1575000620,292,291
1575000620,296,295
1575000620,301,300
1575000620,298,297
1575000620,297,296
1575000620,299,298
1575000620,319,318
1575000620,318,317
1575000620,316,315
1575000620,315,314
1575000620,311,310
1575000620,328,327
1575000620,326,325
1575000620,329,328
1575000620,328,327
1575000620,520,519
1575000620,589,588
1575000620,415,414
1575000620,307,306
1575000620,308,307
1575000620,309,308
1575000620,317,316
1575000620,317,316
1575000620,436,435
1575000620,304,303
1575000620,307,306
1575000620,464,463
1575000620,327,326
1575000620,314,313
1575000620,318,317
1575000620,450,449
1575000620,407,406
1575000620,331,330
1575000620,371,370
1575000620,437,436
1575000620,322,321
1575000620,320,319
1575000620,614,613
1575000620,456,455
1575000620,355,354
1575000620,295,294
1575000620,293,292
1575000620,290,289
1575000620,290,289
1575000620,296,295
1575000620,311,310
1575000620,299,298
1575000620,291,290
1575000620,302,301
1575000620,306,305
1575000620,337,336
1575000620,329,328
1575000620,320,319
1575000620,318,317
1575000620,326,325
1575000620,337,336
1575000620,336,335
1575000620,337,336
1575000620,340,339
1575000620,345,344
1575000620,337,336
1575000620,338,337
1575000620,330,329
1575000620,318,317
1575000620,307,306
1575000620,299,298
1575000620,290,289
1575000620,292,291
1575000620,288,287
1575000620,290,289
1575000620,293,292
1575000620,294,293
1575000620,308,307
1575000620,523,522
1575000620,487,486
1575000620,307,306
1575000620,306,305
1575000620,306,305
1575000620,299,298
1575000620,290,289
1575000620,597,596
1575000620,287,286
1575000620,290,289
1575000620,295,294
1575000620,301,300
1575000620,293,292
1575000620,290,289
1575000620,286,285
1575000620,285,284
1575000620,298,297
1575000620,317,316
1575000620,311,310
1575000620,304,303
1575000620,307,306
1575000620,299,298
1575000620,298,297
1575000620,304,303
1575000620,322,321
1575000620,319,318
1575000620,313,312
1575000620,622,622
1575000620,9592,0
1575000620,1178,0
1575000620,1368,0
1575000620,1579,0
1575000620,1381,0
1575000620,1378,0
1575000620,1384,0
1575000620,1002,0
1575000620,1135,0
1575000620,1027,0
1575000620,847,0
1575000620,742,0
1575000620,697,0
1575000620,46,0
1575000620,5168,0
1575000620,983,0
1575000620,894,0
1575000620,913,0
1575000620,913,0
1575000620,765,0
1575000620,790,0
1575000620,682,0
1575000620,526,0
1575000620,410,0
1575000620,284,0
1575000620,42,0
1575000640,3,0
1575000640,3,0
1575000640,3,0
1575000640,588,0
1575000640,446,0
1575000640,313,0
1575000640,311,0
1575000640,314,0
1575000640,314,0
1575000640,313,0
1575000640,312,0
1575000640,315,0
1575000640,317,0
1575000640,316,0
1575000640,321,0
1575000640,322,0
1575000640,330,0
1575000640,324,0
1575000640,322,0
1575000640,332,0
1575000640,340,0
1575000640,349,0
1575000640,364,0
1575000640,362,0
1575000640,349,0
1575000640,351,0
1575000640,366,0
1575000640,369,0
1575000640,373,0
1575000640,384,0
1575000640,362,0
1575000640,354,0
1575000640,360,0
1575000640,361,0
1575000640,361,0
1575000640,366,0
1575000640,358,0
1575000640,490,0
1575000640,370,0
1575000640,360,0
1575000640,361,0
1575000640,363,0
1575000640,362,0
1575000640,358,0
1575000640,351,0
1575000640,356,0
1575000640,368,0
1575000640,364,0
1575000640,365,0
1575000640,357,0
1575000640,356,0
1575000640,358,0
1575000640,360,0
1575000640,491,0
1575000640,363,0
1575000640,368,0
1575000640,357,0
1575000640,359,0
1575000640,354,0
1575000640,348,0
1575000640,347,0
1575000640,350,0
1575000640,348,0
1575000640,357,0
1575000640,363,0
1575000640,361,0
1575000640,358,0
1575000640,355,0
1575000640,350,0
1575000640,368,0
1575000640,365,0
1575000640,365,0
1575000640,385,0
1575000640,373,0
1575000640,364,0
1575000640,361,0
1575000640,361,0
1575000640,369,0
1575000640,358,0
1575000640,354,0
1575000640,367,0
1575000640,365,0
1575000640,363,0
1575000640,380,0
1575000640,374,0
1575000640,372,0
1575000640,370,0
1575000640,364,0
1575000640,369,0
1575000640,368,0
1575000640,362,0
1575000640,348,0
1575000640,351,0
1575000640,360,0
1575000640,361,0
1575000640,357,0
1575000640,355,0
1575000640,368,0
1575000640,365,0
1575000640,372,0
1575000640,374,0
1575000640,372,0
1575000640,374,0
1575000640,383,0
1575000640,380,0
1575000640,370,0
1575000640,361,0
1575000640,375,0
1575000640,366,0
1575000640,365,0
1575000640,365,0
1575000640,371,0
1575000640,365,0
1575000640,369,0
1575000640,353,0
1575000640,358,0
1575000640,363,0
1575000640,363,0
1575000640,365,0
1575000640,375,0
1575000640,364,0
1575000640,355,0
1575000640,356,0
1575000640,358,0
1575000640,364,0
1575000640,368,0
1575000640,369,0
1575000640,364,0
1575000640,365,0
1575000640,356,0
1575000640,372,0
1575000640,363,0
1575000640,368,0
1575000640,355,0
1575000640,364,0
1575000640,351,0
1575000640,354,0
1575000640,366,0
1575000640,366,0
1575000640,351,0
1575000640,347,0
1575000640,347,0
1575000640,335,0
1575000640,345,0
1575000640,356,0
1575000640,357,0
1575000640,353,0
1575000640,362,0
1575000640,363,0
1575000640,354,0
1575000640,348,0
1575000640,339,0
1575000640,329,0
1575000640,344,0
1575000640,353,0
1575000640,359,0
1575000640,354,0
1575000640,354,0
1575000640,343,0
1575000640,354,0
1575000640,355,0
1575000640,345,0
1575000640,357,0
1575000640,352,0
1575000640,354,0
1575000640,350,0
1575000640,349,0
1575000640,349,0
1575000640,346,0
1575000640,345,0
1575000640,350,0
1575000640,337,0
1575000640,339,0
1575000640,343,0
1575000640,338,0
1575000640,348,0
1575000640,354,0
1575000640,343,0
1575000640,340,0
1575000640,349,0
1575000640,352,0
1575000640,350,0
1575000641,6033,6033
1575000641,3943,3943
1575000641,570,570
1575000641,541,541
1575000641,431,431
1575000641,412,412
1575000641,334,334
1575000641,336,336
1575000641,371,371
1575000641,314,314
1575000641,230,230
1575000641,121,121
1575000641,7766,7766
1575000641,302,302
1575000641,312,312
1575000641,305,305
1575000641,271,271
1575000641,272,272
1575000641,253,253
1575000641,231,231
1575000641,182,182
1575000641,235,164
1575000641,96,96
1575000641,4024,4024
1575000641,247,247
1575000641,263,263
1575000641,217,217
1575000641,273,273
1575000641,242,242
1575000641,337,266
1575000641,235,235
1575000641,164,164
1575000641,107,107
1575000641,9834,9834
1575000641,12024,12024
1575000641,763,763
1575000641,683,683
1575000641,834,834
1575000641,772,772
1575000641,802,802
1575000641,748,748
1575000641,642,642
1575000641,549,549
1575000641,365,365
1575000641,121,121
1575000641,8879,8879
1575000641,691,620
1575000641,724,653
1575000641,710,639
1575000641,711,640
1575000641,695,624
1575000641,654,583
1575000641,598,527
1575000641,536,465
1575000641,388,317
1575000641,147,76
1575000641,4468,4397
1575000641,569,498
1575000641,685,614
1575000641,688,617
1575000641,678,607
1575000641,598,527
1575000641,570,499
1575000641,399,328
1575000641,154,83
1575000641,10768,10697
1575000641,5465,5394
1575000641,550,479
1575000641,572,501
1575000641,501,430
1575000641,449,378
1575000641,480,409
1575000641,401,330
1575000641,441,370
1575000641,414,343
1575000641,306,235
1575000641,187,116
1575000641,5561,5490
1575000641,480,409
1575000641,437,366
1575000641,453,382
1575000641,480,409
1575000641,447,376
1575000641,461,390
1575000641,371,300
1575000641,300,229
1575000641,231,160
1575000641,186,115
1575000641,3254,3183
1575000641,362,291
1575000641,381,310
1575000641,369,298
1575000641,334,263
1575000641,353,282
1575000641,273,202
1575000641,208,137
1575000641,158,87
1575000641,6171,6100
1575000641,5278,5207
1575000641,437,366
1575000641,412,341
1575000641,397,326
1575000641,404,333
1575000641,474,403
1575000641,385,314
1575000641,379,308
1575000641,303,232
1575000641,216,145
1575000641,177,106
1575000641,348,0
1575000641,352,0
1575000641,349,0
1575000641,350,0
1575000641,351,0
1575000641,348,0
1575000641,357,0
1575000641,349,0
1575000641,634,0
1575000641,326,0
1575000641,324,0
1575000641,318,0
1575000641,632,0
1575000641,364,0
1575000641,334,0
1575000641,304,0
1575000641,303,0
1575000641,300,0
1575000641,565,0
1575000641,293,0
1575000641,362,0
1575000641,372,0
1575000641,384,0
1575000641,389,0
1575000641,384,0
1575000641,383,0
1575000641,383,0
1575000641,388,0
1575000641,395,0
1575000641,400,0
1575000641,396,0
1575000641,393,0
1575000641,392,0
1575000641,382,0
1575000641,386,0
1575000641,383,0
1575000641,531,0
1575000641,526,0
1575000641,537,0
1575000641,534,0
1575000641,391,0
1575000641,401,0
1575000641,398,0
1575000641,397,0
1575000641,394,0
1575000641,536,0
1575000641,523,0
1575000641,390,0
1575000641,393,0
1575000641,385,0
1575000641,392,0
1575000641,391,0
1575000641,382,0
1575000641,378,0
1575000641,373,0
1575000641,386,0
1575000641,377,0
1575000641,380,0
1575000641,377,0
1575000641,377,0
1575000641,370,0
1575000641,376,0
1575000641,384,0
1575000641,381,0
1575000641,383,0
1575000641,376,0
1575000641,382,0
1575000641,377,0
1575000641,374,0
1575000641,371,0
1575000641,374,0
1575000641,378,0
1575000641,368,0
1575000641,376,0
1575000641,371,0
1575000641,373,0
1575000641,371,0
1575000641,381,0
1575000641,380,0
1575000641,380,0
1575000641,379,0
1575000641,383,0
1575000641,376,0
1575000641,375,0
1575000641,376,0
1575000641,382,0
1575000641,388,0
1575000641,384,0
1575000641,519,0
1575000641,382,0
1575000641,372,0
1575000641,373,0
1575000641,373,0
1575000641,372,0
1575000641,377,0
1575000641,380,0
1575000641,379,0
1575000641,384,0
1575000641,373,0
1575000641,373,0
1575000641,379,0
1575000641,383,0
1575000641,380,0
1575000641,387,0
1575000641,380,0
1575000641,375,0
1575000641,384,0
1575000641,384,0
1575000641,387,0
1575000641,387,0
1575000641,387,0
1575000641,373,0
1575000641,371,0
1575000641,378,0
1575000641,384,0
1575000641,376,0
1575000641,380,0
1575000641,383,0
1575000641,375,0
1575000641,372,0
1575000641,505,0
1575000641,383,0
1575000641,375,0
1575000641,372,0
1575000641,374,0
1575000641,376,0
1575000641,367,0
1575000641,372,0
1575000641,374,0
1575000641,382,0
1575000641,522,0
1575000641,522,0
1575000641,387,0
1575000641,519,0
1575000641,373,0
1575000641,378,0
1575000641,376,0
1575000641,374,0
1575000641,383,0
1575000641,379,0
1575000641,379,0
1575000641,378,0
1575000641,516,0
1575000641,378,0
1575000641,369,0
1575000641,365,0
1575000641,384,0
1575000641,517,0
1575000641,373,0
1575000641,372,0
1575000641,370,0
1575000641,375,0
1575000641,373,0
1575000641,523,0
1575000641,378,0
1575000641,378,0
1575000641,371,0
1575000641,373,0
1575000641,376,0
1575000641,371,0
1575000641,373,0
1575000641,369,0
1575000641,364,0
1575000641,367,0
1575000641,6085,6014
1575000641,350,279
1575000641,390,319
1575000641,451,380
1575000641,454,383
1575000641,468,397
1575000641,518,447
1575000641,502,431
1575000641,501,430
1575000641,348,277
1575000641,165,94
1575000641,4249,4178
1575000641,606,535
1575000641,690,619
1575000641,602,531
1575000641,537,466
1575000641,407,336
1575000641,245,174
1575000641,155,84
1575000641,820,749
1575000641,10395,10324
1575000641,6598,6527
1575000641,350,279
1575000641,369,298
1575000641,423,352
1575000641,398,327
1575000641,457,386
1575000641,429,358
1575000641,430,359
1575000641,382,311
1575000641,248,177
1575000641,188,117
1575000641,6319,6248
1575000641,393,322
1575000641,472,401
1575000641,486,415
1575000641,464,393
1575000641,477,406
1575000641,490,419
1575000641,435,364
1575000641,384,313
1575000641,272,201
1575000641,165,94
1575000641,5128,5057
1575000641,444,373
1575000641,593,522
1575000641,501,430
1575000641,525,454
1575000641,480,409
1575000641,531,460
1575000641,513,442
1575000641,436,365
1575000641,306,235
1575000641,140,69
1575000641,1642,1571
1575000641,315,244
1575000641,136,65
1575000641,6436,6365
1575000641,1606,1535
1575000641,174,103
1575000641,193,122
1575000641,182,111
1575000641,176,105
1575000641,181,110
1575000641,192,121
1575000641,162,91
1575000641,154,83
1575000641,138,67
1575000641,174,103
1575000641,2886,2815
1575000641,166,95
1575000641,180,109
1575000641,165,94
1575000641,175,104
1575000641,163,92
1575000641,160,89
1575000641,160,89
1575000641,151,80
1575000641,146,75
1575000641,153,82
1575000641,2299,2228
1575000641,150,79
1575000641,175,104
1575000641,177,106
1575000641,147,76
1575000641,171,100
1575000641,147,76
1575000641,143,72
1575000641,137,66
1575000641,144,73
1575000641,145,74
1575000641,1313,1242
1575000641,153,82
1575000641,151,80
1575000641,153,82
1575000641,154,83
1575000641,154,83
1575000641,129,58
1575000641,145,74
1575000641,11051,10980
1575000641,3376,3305
1575000641,209,138
1575000641,196,125
1575000641,245,174
1575000641,221,150
1575000641,206,135
1575000641,188,117
1575000641,173,102
1575000641,168,97
1575000641,148,77
1575000641,188,117
1575000641,3418,3347
1575000641,223,152
1575000641,175,104
1575000641,201,130
1575000641,221,150
1575000641,167,96
1575000641,161,90
1575000641,145,74
1575000641,136,65
1575000641,126,55
1575000641,166,95
1575000641,1543,1472
1575000641,149,78
1575000641,195,124
1575000641,157,86
1575000641,172,101
1575000641,177,106
1575000641,157,86
1575000641,138,67
1575000641,147,76
1575000641,150,79
1575000641,7859,7788
1575000641,4286,4215
1575000641,449,378
1575000641,553,482
1575000641,528,457
1575000641,537,466
1575000641,521,450
1575000641,438,367
1575000641,484,413
1575000641,426,355
1575000641,303,232
1575000641,185,114
1575000641,325,254
1575000641,400,329
1575000641,347,276
1575000642,371,0
1575000642,379,0
1575000642,370,0
1575000642,374,0
1575000642,368,0
1575000642,373,0
1575000642,365,0
1575000642,365,0
1575000642,361,0
1575000642,372,0
1575000642,369,0
1575000642,368,0
1575000642,368,0
1575000642,372,0
1575000642,367,0
1575000642,366,0
1575000642,361,0
1575000642,352,0
1575000642,355,0
1575000642,369,0
1575000642,362,0
1575000642,370,0
1575000642,367,0
1575000642,361,0
1575000642,347,0
1575000642,351,0
1575000642,349,0
1575000642,359,0
1575000642,502,0
1575000642,506,0
1575000642,355,0
1575000642,352,0
1575000642,361,0
1575000642,356,0
1575000642,354,0
1575000642,359,0
1575000642,356,0
1575000642,358,0
1575000642,364,0
1575000642,358,0
1575000642,360,0
1575000642,358,0
1575000642,359,0
1575000642,359,0
1575000642,360,0
1575000642,364,0
1575000642,357,0
1575000642,360,0
1575000642,358,0
1575000642,362,0
1575000642,360,0
1575000642,350,0
1575000642,356,0
1575000642,355,0
1575000642,353,0
1575000642,347,0
1575000642,337,0
1575000642,312,0
1575000642,312,0
1575000642,306,0
1575000642,326,0
1575000642,314,0
1575000642,314,0
1575000642,307,0
1575000642,309,0
1575000642,305,0
1575000642,300,0
1575000642,304,0
1575000642,306,0
1575000642,296,0
1575000642,310,0
1575000642,310,0
1575000642,316,0
1575000642,306,0
1575000642,299,0
1575000642,288,0
1575000642,291,0
1575000642,298,0
1575000642,293,0
1575000642,326,0
1575000642,362,0
1575000642,288,0
1575000642,574,0
1575000642,300,0
1575000642,357,0
1575000642,343,0
1575000642,350,0
1575000642,494,0
1575000642,501,0
1575000642,363,0
1575000642,530,0
1575000642,544,0
1575000642,550,0
1575000642,548,0
1575000642,401,0
1575000642,540,0
1575000642,534,0
1575000642,383,0
1575000642,528,0
1575000642,527,0
1575000642,537,0
1575000642,530,0
1575000642,382,0
1575000642,533,0
1575000642,530,0
1575000642,382,0
1575000642,386,0
1575000642,380,0
1575000642,385,0
1575000642,380,0
1575000642,390,0
1575000642,524,0
1575000642,393,0
1575000642,531,0
1575000642,525,0
1575000642,389,0
1575000642,517,0
1575000642,510,0
1575000642,520,0
1575000642,371,0
1575000642,387,0
1575000642,385,0
1575000642,385,0
1575000642,382,0
1575000642,370,0
1575000642,500,0
1575000642,514,0
1575000642,383,0
1575000642,388,0
1575000642,388,0
1575000642,382,0
1575000642,375,0
1575000642,514,0
1575000642,373,0
1575000642,378,0
1575000642,370,0
1575000642,490,0
1575000642,332,0
1575000642,363,0
1575000642,370,0
1575000642,350,0
1575000642,369,0
1575000642,349,0
1575000642,324,0
1575000642,340,0
1575000642,312,0
1575000642,296,0
1575000642,322,0
1575000642,340,0
1575000642,327,0
1575000642,318,0
1575000642,326,0
1575000642,316,0
1575000642,285,0
1575000642,297,0
1575000642,285,0
1575000642,305,0
1575000642,293,0
1575000642,322,0
1575000642,315,0
1575000642,313,0
1575000642,312,0
1575000642,323,0
1575000642,305,0
1575000642,310,0
1575000642,314,0
1575000642,359,0
1575000642,348,0
1575000642,375,0
1575000642,369,0
1575000642,350,0
1575000642,328,0
1575000642,366,0
1575000642,375,0
1575000642,347,0
1575000642,333,0
1575000642,325,0
1575000642,319,0
1575000642,356,0
1575000642,358,0
1575000642,352,0
1575000642,339,0
1575000642,325,0
1575000642,320,0
1575000642,331,0
1575000642,340,0
1575000642,311,0
1575000642,307,0
1575000642,300,0
1575000642,336,0
1575000642,380,0
1575000642,319,0
1575000642,363,0
1575000642,333,0
1575000642,373,0
1575000642,342,0
1575000642,349,0
1575000642,383,0
1575000642,359,0
1575000642,373,0
1575000642,363,0
1575000642,347,0
1575000642,349,0
1575000642,373,0
1575000642,353,0
1575000642,356,0
1575000642,363,0
1575000642,371,0
1575000642,363,0
1575000642,373,0
1575000642,347,0
1575000642,355,0
1575000642,352,0
1575000642,355,0
1575000642,352,0
1575000642,500,0
1575000642,346,0
1575000642,353,0
1575000642,346,0
1575000642,482,0
1575000642,352,0
1575000642,344,0
1575000642,358,0
1575000642,354,0
1575000642,350,0
1575000642,340,0
1575000642,352,0
1575000642,343,0
1575000642,368,0
1575000642,332,0
1575000642,293,0
1575000642,263,0
1575000642,237,0
1575000642,267,0
1575000642,439,0
1575000642,242,0
1575000642,263,0
1575000642,269,0
1575000642,421,0
1575000642,347,0
1575000642,296,0
1575000642,323,0
1575000642,540,0
1575000642,386,0
1575000642,250,0
1575000642,252,0
1575000642,271,0
1575000642,253,0
1575000642,266,0
1575000642,250,0
1575000642,249,0
1575000642,269,0
1575000642,286,0
1575000642,280,0
1575000642,251,0
1575000642,249,0
1575000642,262,0
1575000642,277,0
1575000642,277,0
1575000642,305,0
1575000642,293,0
1575000642,309,0
1575000642,312,0
1575000642,312,0
1575000642,317,0
1575000642,314,0
1575000642,342,0
1575000642,308,0
1575000642,298,0
1575000642,445,0
1575000642,287,0
1575000642,289,0
1575000642,355,0
1575000642,343,0
1575000642,305,0
1575000642,287,0
1575000642,547,0
1575000642,447,0
1575000642,269,0
1575000642,253,0
1575000642,264,0
1575000642,271,0
1575000642,274,0
1575000642,279,0
1575000642,269,0
1575000642,289,0
1575000642,290,0
1575000642,302,0
1575000642,593,0
1575000642,282,0
1575000642,287,0
1575000642,281,0
1575000642,317,0
1575000642,313,0
1575000642,623,0
1575000642,318,0
1575000642,310,0
1575000642,305,0
1575000642,278,0
1575000642,273,0
1575000642,297,0
1575000642,305,0
1575000642,338,0
1575000642,300,0
1575000642,299,0
1575000642,310,0
1575000642,262,0
1575000642,288,0
1575000642,275,0
1575000642,319,0
1575000642,239,0
1575000642,250,0
1575000642,271,0
1575000642,275,0
1575000642,276,0
1575000642,295,0
1575000642,290,0
1575000642,304,0
1575000642,457,0
1575000642,300,0
1575000642,323,0
1575000642,314,0
1575000642,329,0
1575000642,347,0
1575000642,335,0
1575000642,341,0
1575000642,349,0
1575000642,337,0
1575000642,336,0
1575000642,428,0
1575000642,332,0
1575000642,348,0
1575000642,366,0
1575000642,356,0
1575000642,360,0
1575000642,364,0
1575000642,370,0
1575000642,347,0
1575000642,358,0
1575000642,364,0
1575000642,357,0
1575000642,366,0
1575000642,367,0
1575000642,368,0
1575000642,367,0
1575000642,352,0
1575000642,351,0
1575000642,354,0
1575000642,342,0
1575000642,365,0
1575000642,348,0
1575000642,336,0
1575000642,329,0
1575000642,324,0
1575000642,349,0
1575000642,2590,2590
1575000642,779,779
1575000642,155,155
1575000642,134,134
1575000642,108,108
1575000642,94,94
1575000642,109,109
1575000642,2806,2806
1575000642,1320,1320
1575000642,114,114
1575000642,117,117
1575000642,105,105
1575000642,91,91
1575000642,99,99
1575000642,89,89
1575000642,91,91
1575000642,77,77
1575000642,73,73
1575000642,99,99
1575000642,2034,2034
1575000642,89,89
1575000642,90,90
1575000642,82,82
1575000642,109,109
1575000642,84,84
1575000642,83,83
1575000642,73,73
1575000642,52,52
1575000642,51,51
1575000642,77,77
1575000642,76,76
1575000642,61,61
1575000642,3151,3151
1575000642,3255,3255
1575000642,346,346
1575000642,327,327
1575000642,322,322
1575000642,290,290
1575000642,282,282
1575000642,209,209
1575000642,246,246
1575000642,173,173
1575000642,140,140
1575000642,105,105
1575000642,2972,2972
1575000642,270,270
1575000642,317,317
1575000642,273,273
1575000642,245,245
1575000642,283,283
1575000642,284,284
1575000642,241,241
1575000642,195,195
1575000642,219,219
1575000642,180,180
1575000642,76,76
1575000642,4314,4314
1575000642,5354,5354
1575000642,628,628
1575000642,494,494
1575000642,542,542
1575000642,461,461
1575000642,484,484
1575000642,447,447
1575000642,470,470
1575000642,412,412
1575000642,354,354
1575000642,105,105
1575000642,4701,4701
1575000642,442,442
1575000642,502,502
1575000642,543,543
1575000642,524,524
1575000642,549,478
1575000642,549,478
1575000642,552,481
1575000642,628,557
1575000642,502,431
1575000642,164,93
1575000642,2759,2688
1575000642,583,512
1575000642,558,487
1575000642,1098,1027
1575000642,319,248
1575000642,500,429
1575000642,276,205
1575000642,264,193
1575000642,144,73
1575000642,2494,2423
1575000642,323,252
1575000642,396,325
1575000642,416,345
1575000642,478,407
1575000642,266,195
1575000642,293,222
1575000642,481,410
1575000642,372,301
1575000642,313,242
1575000642,114,43
1575000642,1880,1809
1575000642,361,290
1575000642,516,445
1575000642,565,494
1575000642,534,463
1575000642,440,369
1575000642,113,42
1575000642,3961,3890
1575000642,1295,1224
1575000642,221,150
1575000642,220,149
1575000642,197,126
1575000642,167,96
1575000642,193,122
1575000642,184,113
1575000642,202,131
1575000642,152,81
1575000642,145,74
1575000642,165,94
1575000642,4537,4466
1575000642,198,127
1575000642,173,102
1575000642,172,101
1575000642,221,150
1575000642,231,160
1575000642,280,209
1575000642,1103,1032
1575000642,377,306
1575000642,165,94
1575000642,4376,4305
1575000642,3374,3303
1575000642,595,524
1575000642,611,540
1575000642,583,512
1575000642,623,552
1575000642,560,489
1575000642,601,530
1575000642,615,544
1575000642,554,483
1575000642,468,397
1575000642,216,145
1575000642,4567,4496
1575000642,827,756
1575000642,756,685
1575000642,849,778
1575000642,788,717
1575000642,776,705
1575000642,725,654
1575000642,510,439
1575000642,158,87
1575000642,9720,9649
1575000642,1316,1245
1575000642,165,94
1575000642,164,93
1575000642,159,88
1575000642,162,91
1575000642,157,86
1575000642,165,94
1575000642,163,92
1575000642,193,122
1575000642,149,78
1575000642,174,103
1575000642,2031,1960
1575000642,154,83
1575000642,177,106
1575000642,171,100
1575000642,187,116
1575000642,156,85
1575000642,174,103
1575000642,175,104
1575000642,149,78
1575000642,148,77
1575000642,150,79
1575000642,2208,2137
1575000642,182,111
1575000642,175,104
1575000642,191,120
1575000642,173,102
1575000642,186,115
1575000642,153,82
1575000642,138,67
1575000642,146,75
1575000642,134,63
1575000642,148,77
1575000642,1163,1092
1575000642,158,87
1575000642,142,71
1575000642,143,72
1575000642,158,87
1575000642,154,83
1575000642,159,88
1575000642,130,59
1575000642,141,70
1575000642,11409,0
1575000642,2381,0
1575000642,89,0
1575000642,115,0
1575000642,129,0
1575000642,124,0
1575000642,127,0
1575000642,118,0
1575000642,138,0
1575000642,104,0
1575000642,70,0
1575000642,110,0
1575000642,2961,0
1575000642,181,0
1575000642,147,0
1575000642,175,0
1575000642,161,0
1575000642,144,0
1575000642,150,0
1575000642,153,0
1575000642,144,0
1575000642,120,0
1575000642,103,0
1575000642,3077,0
1575000642,123,0
1575000642,151,0
1575000642,136,0
1575000642,159,0
1575000642,153,0
1575000642,156,0
1575000642,131,0
1575000642,100,0
1575000642,67,0
1575000642,69,0
1575000642,2260,0
1575000642,108,0
1575000642,136,0
1575000642,99,0
1575000642,101,0
1575000642,133,0
1575000642,127,0
1575000642,114,0
1575000642,111,0
1575000642,100,0
1575000642,77,0
1575000642,1674,0
1575000642,130,0
1575000642,115,0
1575000642,123,0
1575000642,134,0
1575000642,138,0
1575000642,128,0
1575000642,112,0
1575000642,102,0
1575000642,76,0
1575000642,55,0
1575000642,845,0
1575000642,99,0
1575000642,66,0
1575000642,70,0
1575000642,75,0
1575000642,87,0
1575000642,80,0
1575000642,62,0
1575000642,7296,0
1575000642,2600,0
1575000642,201,0
1575000642,232,0
1575000642,284,0
1575000642,285,0
1575000642,355,0
1575000642,271,0
1575000642,315,0
1575000642,218,0
1575000642,151,0
1575000642,160,0
1575000642,6653,0
1575000642,375,0
1575000642,483,0
1575000642,380,0
1575000642,451,0
1575000642,427,0
1575000642,355,0
1575000642,372,0
1575000642,248,0
1575000642,135,0
1575000642,100,0
1575000642,5346,0
1575000642,366,0
1575000642,445,0
1575000642,434,0
1575000642,453,0
1575000642,462,0
1575000642,435,0
1575000642,384,0
1575000642,256,0
1575000642,153,0
1575000642,99,0
1575000642,5362,0
1575000642,429,0
1575000642,413,0
1575000642,448,0
1575000642,475,0
1575000642,454,0
1575000642,393,0
1575000642,371,0
1575000642,275,0
1575000642,167,0
1575000642,65,0
1575000642,4600,0
1575000642,320,0
1575000642,329,0
1575000642,360,0
1575000642,331,0
1575000642,286,0
1575000642,310,0
1575000642,268,0
1575000642,211,0
1575000642,107,0
1575000642,58,0
1575000642,3605,0
1575000642,217,0
1575000642,283,0
1575000642,249,0
1575000642,305,0
1575000642,269,0
1575000642,192,0
1575000642,197,0
1575000642,180,0
1575000642,120,0
1575000642,71,0
1575000642,2844,0
1575000642,196,0
1575000642,215,0
1575000642,203,0
1575000642,193,0
1575000642,181,0
1575000642,201,0
1575000642,159,0
1575000642,132,0
1575000642,84,0
1575000642,61,0
1575000642,2194,0
1575000642,121,0
1575000642,216,0
1575000642,160,0
1575000642,148,0
1575000642,219,0
1575000642,172,0
1575000642,143,0
1575000642,117,0
1575000642,98,0
1575000642,50,0
1575000642,2577,0
1575000642,167,0
1575000642,250,0
1575000642,362,0
1575000642,402,0
1575000642,360,0
1575000642,347,0
1575000642,311,0
1575000642,178,0
1575000642,55,0
1575000642,6644,0
1575000642,238,0
1575000642,62,0
1575000642,48,0
1575000642,42,0
1575000642,40,0
1575000642,39,0
1575000642,38,0
1575000642,39,0
1575000642,38,0
1575000642,38,0
1575000642,81,0
1575000642,126,0
1575000642,30,0
1575000642,30,0
1575000642,30,0
1575000642,30,0
1575000642,29,0
1575000642,29,0
1575000642,30,0
1575000642,30,0
1575000642,30,0
1575000642,51,0
1575000642,86,0
1575000642,29,0
1575000642,28,0
1575000642,29,0
1575000642,29,0
1575000642,40,0
1575000642,5624,0
1575000642,286,0
1575000642,57,0
1575000642,49,0
1575000642,37,0
1575000642,37,0
1575000642,35,0
1575000642,37,0
1575000642,33,0
1575000642,33,0
1575000642,33,0
1575000642,75,0
1575000642,322,0
1575000642,49,0
1575000642,45,0
1575000642,37,0
1575000642,54,0
1575000642,50,0
1575000642,36,0
1575000642,35,0
1575000642,35,0
1575000642,33,0
1575000642,55,0
1575000642,286,0
1575000642,35,0
1575000642,33,0
1575000642,34,0
1575000642,32,0
1575000642,32,0
1575000642,32,0
1575000642,32,0
1575000642,32,0
1575000642,32,0
1575000642,45,0
1575000642,77,0
1575000642,31,0
1575000642,30,0
1575000642,30,0
1575000642,30,0
1575000642,31,0
1575000642,30,0
1575000642,29,0
1575000642,29,0
1575000642,29,0
1575000642,35,0
1575000642,149,0
1575000642,45,0
1575000642,35,0
1575000642,29,0
1575000642,27,0
1575000642,27,0
1575000642,27,0
1575000642,25,0
1575000642,25,0
1575000642,25,0
1575000642,25,0
1575000642,25,0
1575000642,25,0
1575000642,25,0
1575000642,25,0
1575000642,25,0
1575000642,25,0
1575000642,25,0
1575000642,25,0
1575000642,25,0
1575000642,25,0
1575000642,25,0
1575000642,25,0
1575000642,25,0
1575000642,25,0
1575000642,25,0
1575000642,25,0
1575000642,25,0
1575000642,25,0
1575000642,25,0
1575000642,25,0
1575000642,25,0
1575000642,25,0
1575000642,25,0
1575000642,25,0
1575000643,349,0
1575000643,502,0
1575000643,491,0
1575000643,353,0
1575000643,339,0
1575000643,336,0
1575000643,327,0
1575000643,321,0
1575000643,432,0
1575000643,274,0
1575000643,271,0
1575000643,261,0
1575000643,270,0
1575000643,274,0
1575000643,299,0
1575000643,298,0
1575000643,338,0
1575000643,322,0
1575000643,313,0
1575000643,337,0
1575000643,334,0
1575000643,313,0
1575000643,303,0
1575000643,311,0
1575000643,310,0
1575000643,311,0
1575000643,323,0
1575000643,313,0
1575000643,397,0
1575000643,324,0
1575000643,318,0
1575000643,314,0
1575000643,299,0
1575000643,327,0
1575000643,335,0
1575000643,311,0
1575000643,316,0
1575000643,328,0
1575000643,335,0
1575000643,349,0
1575000643,335,0
1575000643,455,0
1575000643,342,0
1575000643,350,0
1575000643,332,0
1575000643,329,0
1575000643,321,0
1575000643,322,0
1575000643,327,0
1575000643,324,0
1575000643,299,0
1575000643,307,0
1575000643,305,0
1575000643,301,0
1575000643,445,0
1575000643,339,0
1575000643,353,0
1575000643,351,0
1575000643,331,0
1575000643,446,0
1575000643,335,0
1575000643,338,0
1575000643,516,0
1575000643,366,0
1575000643,309,0
1575000643,315,0
1575000643,316,0
1575000643,315,0
1575000643,341,0
1575000643,375,0
1575000643,383,0
1575000643,370,0
1575000643,372,0
1575000643,366,0
1575000643,377,0
1575000643,378,0
1575000643,365,0
1575000643,362,0
1575000643,356,0
1575000643,354,0
1575000643,342,0
1575000643,364,0
1575000643,368,0
1575000643,369,0
1575000643,373,0
1575000643,343,0
1575000643,339,0
1575000643,330,0
1575000643,332,0
1575000643,338,0
1575000643,317,0
1575000643,336,0
1575000643,346,0
1575000643,330,0
1575000643,328,0
1575000643,310,0
1575000643,310,0
1575000643,310,0
1575000643,353,0
1575000643,345,0
1575000643,348,0
1575000643,359,0
1575000643,348,0
1575000643,348,0
1575000643,360,0
1575000643,362,0
1575000643,350,0
1575000643,335,0
1575000643,324,0
1575000643,314,0
1575000643,296,0
1575000643,294,0
1575000643,336,0
1575000643,338,0
1575000643,309,0
1575000643,320,0
1575000643,308,0
1575000643,331,0
1575000643,317,0
1575000643,308,0
1575000643,587,0
1575000643,302,0
1575000643,301,0
1575000643,325,0
1575000643,321,0
1575000643,316,0
1575000643,314,0
1575000643,333,0
1575000643,309,0
1575000643,311,0
1575000643,300,0
1575000643,312,0
1575000643,321,0
1575000643,308,0
1575000643,300,0
1575000643,279,0
1575000643,308,0
1575000643,321,0
1575000643,329,0
1575000643,325,0
1575000643,307,0
1575000643,380,0
1575000643,310,0
1575000643,305,0
1575000643,301,0
1575000643,312,0
1575000643,309,0
1575000643,301,0
1575000643,324,0
1575000643,306,0
1575000643,312,0
1575000643,303,0
1575000643,317,0
1575000643,301,0
1575000643,301,0
1575000643,295,0
1575000643,306,0
1575000643,305,0
1575000643,311,0
1575000643,298,0
1575000643,305,0
1575000643,357,0
1575000643,442,0
1575000643,315,0
1575000643,313,0
1575000643,312,0
1575000643,321,0
1575000643,315,0
1575000643,331,0
1575000643,332,0
1575000643,315,0
1575000643,308,0
1575000643,330,0
1575000643,319,0
1575000643,341,0
1575000643,319,0
1575000643,318,0
1575000643,513,0
1575000643,449,0
1575000643,317,0
1575000643,363,0
1575000643,310,0
1575000643,318,0
1575000643,339,0
1575000643,326,0
1575000643,346,0
1575000643,352,0
1575000643,357,0
1575000643,370,0
1575000643,371,0
1575000643,374,0
1575000643,365,0
1575000643,369,0
1575000643,365,0
1575000643,362,0
1575000643,362,0
1575000643,371,0
1575000643,377,0
1575000643,372,0
1575000643,367,0
1575000643,362,0
1575000643,362,0
1575000643,352,0
1575000643,350,0
1575000643,342,0
1575000643,341,0
1575000643,334,0
1575000643,327,0
1575000643,326,0
1575000643,327,0
1575000643,322,0
1575000643,327,0
1575000643,318,0
1575000643,326,0
1575000643,330,0
1575000643,316,0
1575000643,308,0
1575000643,364,0
1575000643,314,0
1575000643,320,0
1575000643,322,0
1575000643,306,0
1575000643,321,0
1575000643,316,0
1575000643,328,0
1575000643,321,0
1575000643,324,0
1575000643,324,0
1575000643,319,0
1575000643,317,0
1575000643,320,0
1575000643,324,0
1575000643,313,0
1575000643,389,0
1575000643,435,0
1575000643,289,0
1575000643,281,0
1575000643,320,0
1575000643,301,0
1575000643,318,0
1575000643,334,0
1575000643,336,0
1575000643,324,0
1575000643,339,0
1575000643,343,0
1575000643,337,0
1575000643,349,0
1575000643,348,0
1575000643,348,0
1575000643,334,0
1575000643,346,0
1575000643,345,0
1575000643,340,0
1575000643,344,0
1575000643,337,0
1575000643,350,0
1575000643,356,0
1575000643,341,0
1575000643,350,0
1575000643,348,0
1575000643,342,0
1575000643,330,0
1575000643,332,0
1575000643,345,0
1575000643,340,0
1575000643,323,0
1575000643,337,0
1575000643,462,0
1575000643,340,0
1575000643,478,0
1575000643,333,0
1575000643,335,0
1575000643,322,0
1575000643,325,0
1575000643,312,0
1575000643,327,0
1575000643,309,0
1575000643,336,0
1575000643,323,0
1575000643,312,0
1575000643,336,0
1575000643,329,0
1575000643,342,0
1575000643,325,0
1575000643,319,0
1575000643,312,0
1575000643,312,0
1575000643,301,0
1575000643,324,0
1575000643,349,0
1575000643,322,0
1575000643,423,0
1575000643,317,0
1575000643,330,0
1575000643,328,0
1575000643,343,0
1575000643,335,0
1575000643,336,0
1575000643,360,0
1575000643,348,0
1575000643,372,0
1575000643,366,0
1575000643,357,0
1575000643,378,0
1575000643,520,0
1575000643,513,0
1575000643,357,0
1575000643,343,0
1575000643,346,0
1575000643,358,0
1575000643,360,0
1575000643,357,0
1575000643,359,0
1575000643,364,0
1575000643,358,0
1575000643,366,0
1575000643,362,0
1575000643,362,0
1575000643,343,0
1575000643,353,0
1575000643,347,0
1575000643,347,0
1575000643,333,0
1575000643,329,0
1575000643,333,0
1575000643,345,0
1575000643,345,0
1575000643,367,0
1575000643,363,0
1575000643,359,0
1575000643,373,0
1575000643,362,0
1575000643,339,0
1575000643,351,0
1575000643,338,0
1575000643,350,0
1575000643,344,0
1575000643,343,0
1575000643,338,0
1575000643,334,0
1575000643,341,0
1575000643,467,0
1575000643,407,0
1575000643,329,0
1575000643,327,0
1575000643,322,0
1575000643,329,0
1575000643,448,0
1575000643,291,0
1575000643,285,0
1575000643,306,0
1575000643,318,0
1575000643,319,0
1575000643,346,0
1575000643,364,0
1575000643,361,0
1575000643,354,0
1575000643,359,0
1575000643,376,0
1575000643,379,0
1575000643,363,0
1575000643,347,0
1575000643,346,0
1575000643,336,0
1575000643,338,0
1575000643,340,0
1575000643,336,0
1575000643,332,0
1575000643,330,0
1575000643,328,0
1575000643,320,0
1575000643,335,0
1575000643,323,0
1575000643,332,0
1575000643,328,0
1575000643,457,0
1575000643,348,0
1575000643,347,0
1575000643,340,0
1575000643,333,0
1575000643,319,0
1575000643,320,0
1575000643,328,0
1575000643,309,0
1575000643,300,0
1575000643,301,0
1575000643,296,0
1575000643,298,0
1575000643,440,0
1575000643,313,0
1575000643,306,0
1575000643,325,0
1575000643,328,0
1575000643,342,0
1575000643,327,0
1575000643,317,0
1575000643,316,0
1575000643,301,0
1575000643,291,0
1575000643,299,0
1575000643,317,0
1575000643,576,0
1575000643,305,0
1575000643,320,0
1575000643,310,0
1575000643,329,0
1575000643,337,0
1575000643,330,0
1575000643,339,0
1575000643,351,0
1575000643,362,0
1575000643,361,0
1575000643,354,0
1575000643,352,0
1575000643,354,0
1575000643,363,0
1575000643,361,0
1575000643,357,0
1575000643,353,0
1575000643,351,0
1575000643,349,0
1575000643,336,0
1575000643,343,0
1575000643,351,0
1575000643,342,0
1575000643,361,0
1575000643,351,0
1575000643,344,0
1575000643,361,0
1575000643,345,0
1575000643,349,0
1575000643,322,0
1575000643,329,0
1575000643,326,0
1575000643,325,0
1575000643,329,0
1575000643,325,0
1575000643,328,0
1575000643,327,0
1575000643,364,0
1575000643,336,0
1575000643,330,0
1575000643,323,0
1575000643,316,0
1575000643,356,0
1575000643,321,0
1575000643,321,0
1575000643,325,0
1575000643,326,0
1575000643,328,0
1575000643,341,0
1575000643,355,0
1575000643,336,0
1575000643,357,0
1575000643,349,0
1575000643,438,0
1575000643,353,0
1575000643,338,0
1575000643,434,0
1575000643,306,0
1575000643,286,0
1575000643,315,0
1575000643,294,0
1575000643,301,0
1575000643,316,0
1575000643,339,0
1575000643,317,0
1575000643,346,0
1575000643,343,0
1575000643,349,0
1575000643,352,0
1575000643,337,0
1575000643,353,0
1575000643,330,0
1575000643,321,0
1575000643,310,0
1575000643,348,0
1575000643,365,0
1575000643,367,0
1575000643,368,0
1575000643,361,0
1575000643,344,0
1575000643,482,0
1575000643,370,0
1575000643,359,0
1575000643,369,0
1575000643,347,0
1575000643,348,0
1575000643,336,0
1575000643,331,0
1575000643,359,0
1575000643,358,0
1575000643,349,0
1575000643,343,0
1575000643,323,0
1575000643,331,0
1575000643,341,0
1575000643,349,0
1575000643,347,0
1575000643,341,0
1575000643,354,0
1575000643,348,0
1575000643,352,0
1575000643,337,0
1575000643,346,0
1575000643,346,0
1575000643,335,0
1575000643,332,0
1575000643,345,0
1575000643,468,0
1575000643,342,0
1575000643,344,0
1575000643,346,0
1575000643,342,0
1575000643,339,0
1575000643,333,0
1575000643,417,0
1575000643,349,0
1575000643,398,0
1575000643,330,0
1575000643,353,0
1575000643,373,0
1575000643,400,0
1575000643,399,0
1575000643,383,0
1575000643,383,0
1575000643,385,0
1575000643,381,0
1575000643,384,0
1575000643,381,0
1575000643,374,0
1575000643,376,0
1575000643,374,0
1575000643,379,0
1575000643,381,0
1575000643,388,0
1575000643,389,0
1575000643,391,0
1575000643,372,0
1575000643,514,0
1575000643,379,0
1575000643,382,0
1575000643,379,0
1575000643,376,0
1575000643,369,0
1575000643,373,0
1575000643,367,0
1575000643,358,0
1575000643,362,0
1575000643,374,0
1575000643,386,0
1575000643,378,0
1575000643,372,0
1575000643,375,0
1575000643,522,0
1575000643,387,0
1575000643,521,0
1575000643,377,0
1575000643,372,0
1575000643,363,0
1575000643,359,0
1575000643,356,0
1575000643,362,0
1575000643,359,0
1575000643,371,0
1575000643,361,0
1575000643,352,0
1575000643,348,0
1575000643,341,0
1575000643,347,0
1575000643,355,0
1575000643,348,0
1575000643,346,0
1575000643,341,0
1575000643,351,0
1575000643,346,0
1575000643,356,0
1575000643,367,0
1575000643,374,0
1575000643,373,0
1575000643,370,0
1575000643,363,0
1575000643,362,0
1575000643,368,0
1575000643,364,0
1575000643,371,0
1575000643,366,0
1575000643,359,0
1575000643,363,0
1575000643,368,0
1575000643,370,0
1575000643,365,0
1575000643,372,0
1575000643,366,0
1575000643,362,0
1575000643,361,0
1575000643,365,0
1575000643,357,0
1575000643,506,0
1575000643,356,0
1575000643,348,0
1575000643,338,0
1575000643,334,0
1575000643,343,0
1575000643,337,0
1575000643,337,0
1575000643,346,0
1575000643,345,0
1575000643,338,0
1575000643,349,0
1575000643,471,0
1575000643,357,0
1575000643,351,0
1575000643,468,0
1575000643,366,0
1575000643,512,0
1575000643,357,0
1575000643,361,0
1575000643,358,0
1575000643,353,0
1575000643,345,0
1575000643,353,0
1575000643,353,0
1575000643,345,0
1575000643,340,0
1575000643,339,0
1575000643,344,0
1575000643,342,0
1575000643,351,0
1575000643,480,0
1575000643,368,0
1575000643,370,0
1575000643,354,0
1575000643,359,0
1575000643,354,0
1575000643,476,0
1575000643,360,0
1575000643,357,0
1575000643,349,0
1575000643,354,0
1575000643,478,0
1575000643,360,0
1575000643,369,0
1575000643,368,0
1575000643,359,0
1575000643,345,0
1575000643,341,0
1575000643,332,0
1575000643,328,0
1575000643,337,0
1575000643,348,0
1575000643,349,0
1575000643,351,0
1575000643,351,0
1575000643,351,0
1575000643,344,0
1575000643,345,0
1575000643,337,0
1575000643,337,0
1575000643,340,0
1575000643,345,0
1575000643,345,0
1575000643,344,0
1575000643,348,0
1575000643,480,0
1575000643,354,0
1575000643,352,0
1575000643,351,0
1575000643,344,0
1575000643,341,0
1575000643,350,0
1575000643,355,0
1575000643,356,0
1575000643,363,0
1575000643,356,0
1575000643,357,0
1575000643,361,0
1575000643,354,0
1575000643,355,0
1575000643,349,0
1575000643,358,0
1575000643,355,0
1575000643,350,0
1575000643,358,0
1575000643,355,0
1575000643,355,0
1575000643,355,0
1575000643,359,0
1575000643,353,0
1575000643,361,0
1575000647,351,0
1575000647,349,0
1575000647,364,0
1575000647,359,0
1575000647,364,0
1575000647,353,0
1575000647,361,0
1575000647,349,0
1575000647,351,0
1575000647,346,0
1575000647,365,0
1575000647,373,0
1575000647,366,0
1575000647,362,0
1575000647,342,0
1575000647,344,0
1575000647,358,0
1575000647,358,0
1575000647,360,0
1575000647,358,0
1575000647,335,0
1575000647,345,0
1575000647,342,0
1575000647,346,0
1575000647,353,0
1575000647,346,0
1575000647,342,0
1575000647,344,0
1575000647,348,0
1575000647,351,0
1575000647,348,0
1575000647,341,0
1575000647,349,0
1575000647,351,0
1575000647,349,0
1575000647,357,0
1575000647,356,0
1575000647,351,0
1575000647,352,0
1575000647,346,0
1575000647,341,0
1575000647,348,0
1575000647,353,0
1575000647,354,0
1575000647,354,0
1575000647,355,0
1575000647,344,0
1575000647,343,0
1575000647,350,0
1575000647,356,0
1575000647,352,0
1575000647,353,0
1575000647,354,0
1575000647,473,0
1575000647,341,0
1575000647,347,0
1575000647,347,0
1575000647,346,0
1575000647,345,0
1575000647,346,0
1575000647,349,0
1575000647,351,0
1575000647,336,0
1575000647,354,0
1575000647,354,0
1575000647,355,0
1575000647,360,0
1575000647,354,0
1575000647,345,0
1575000647,471,0
1575000647,350,0
1575000647,329,0
1575000647,323,0
1575000647,334,0
1575000647,356,0
1575000647,350,0
1575000647,362,0
1575000647,345,0
1575000647,333,0
1575000647,318,0
1575000647,343,0
1575000647,355,0
1575000647,359,0
1575000647,577,0
1575000647,525,0
1575000647,338,0
1575000647,331,0
1575000647,343,0
1575000647,343,0
1575000647,350,0
1575000647,340,0
1575000647,337,0
1575000647,333,0
1575000647,338,0
1575000647,324,0
1575000647,316,0
1575000647,314,0
1575000647,434,0
1575000647,333,0
1575000647,327,0
1575000647,329,0
1575000647,335,0
1575000647,348,0
1575000647,338,0
1575000647,344,0
1575000647,332,0
1575000647,321,0
1575000647,323,0
1575000647,324,0
1575000647,301,0
1575000647,318,0
1575000647,0,0
1575000678,37885,37885
1575000678,34,34
1575000678,34,34
1575000678,31,31
1575000678,28,28
1575000678,27,27
1575000678,26,26
1575000678,26,26
1575000678,26,26
1575000678,26,26
1575000678,26,26
1575000678,26,26
1575000678,97,26
1575000678,97,26
1575000678,96,25
1575000678,96,25
1575000678,96,25
1575000678,96,25
1575000678,96,25
1575000678,95,24
1575000678,95,24
1575000678,95,24
1575000678,95,24
1575000678,96,25
1575000678,95,24
1575000678,96,25
1575000678,95,24
1575000678,96,25
1575000678,96,25
1575000678,97,26
1575000678,95,24
1575000678,95,24
1575000678,95,24
1575000678,96,25
1575000678,96,25
1575000678,95,24
1575000678,96,25
1575000678,95,24
1575000678,96,25
1575000678,96,25
1575000678,95,24
1575000678,95,24
1575000678,95,24
1575000678,95,24
1575000678,95,24
1575000678,95,24
1575000678,95,24
1575000678,95,24
1575000678,95,24
1575000678,503,432
1575000678,7107,7036
1575000678,857,786
1575000678,1666,1595
1575000678,120,49
1575000678,433,362
1575000678,267,196
1575000678,166,95
1575000678,103,32
1575000678,99,28
1575000678,95,24
1575000678,93,22
1575000678,93,22
1575000678,93,22
1575000678,95,24
1575000678,95,24
1575000678,20588,0
1575000678,7686,0
1575000678,443,0
1575000678,436,0
1575000678,392,0
1575000678,506,0
1575000678,429,0
1575000678,462,0
1575000678,391,0
1575000678,456,0
1575000678,376,0
1575000678,330,0
1575000678,264,0
1575000678,176,0
1575000678,39,0
1575000678,8166,0
1575000678,295,0
1575000678,381,0
1575000678,411,0
1575000678,396,0
1575000678,437,0
1575000678,382,0
1575000678,378,0
1575000678,411,0
1575000678,352,0
1575000678,319,0
1575000678,242,0
1575000678,3,3
1575000678,3,3
1575000678,3,3
1575000678,3,3
1575000678,3,3
1575000678,3,3
1575000678,3,3
1575000678,3,3
1575000678,3,3
1575000678,3,3
1575000678,3,3
1575000678,3,3
1575000678,3,3
1575000678,3,3
1575000678,3,3
1575000678,3,3
1575000678,3,3
1575000678,3,3
1575000678,3,3
1575000678,3,3
1575000678,3,3
1575000678,3,3
1575000678,3,3
1575000678,3,3
1575000678,3,3
1575000678,3,3
1575000678,3,3
1575000678,3,3
1575000678,3,3
1575000678,3,3
1575000678,3,3
1575000678,3,3
1575000678,4,3
1575000678,4,3
1575000678,4,3
1575000678,4,3
1575000678,4,3
1575000678,4,3
1575000678,4,3
1575000678,4,3
1575000678,4,3
1575000678,4,3
1575000678,4,3
1575000678,4,3
1575000678,4,3
1575000678,4,3
1575000678,4,3
1575000678,4,3
1575000678,4,3
1575000678,4,3
1575000678,4,3
1575000678,4,3
1575000678,4,3
1575000678,4,3
1575000678,4,3
1575000678,4,3
1575000678,4,3
1575000678,4,3
1575000678,4,3
1575000678,4,3
1575000678,4,3
1575000678,4,3
1575000678,4,3
1575000678,4,3
1575000678,4,3
1575000678,4,3
1575000678,4,3
1575000678,4,3
1575000678,4,3
1575000678,4,3
1575000678,4,3
1575000678,4,3
1575000678,4,3
1575000678,4,3
1575000678,4,3
1575000678,4,3
1575000678,4,3
1575000678,4,3
1575000678,4,3
1575000678,4,3
1575000678,4,3
1575000678,4,3
1575000678,4,3
1575000678,4,3
1575000678,4,3
1575000678,4,3
1575000678,4,3
1575000678,4,3
1575000678,4,3
1575000678,4,3
1575000678,4,3
1575000678,4,3
1575000678,4,3
1575000678,4,3
1575000678,4,3
1575000678,4,3
1575000678,4,3
1575000678,4,3
1575000678,4,3
1575000678,4,3
1575000678,4,3
1575000678,4,3
1575000678,4,3
1575000678,4,3
1575000678,4,3
1575000678,4,3
1575000678,4,3
1575000678,4,3
1575000678,4,3
1575000678,4,3
1575000678,4,3
1575000678,4,3
1575000678,4,3
1575000678,4,3
1575000678,4,3
1575000678,4,3
1575000678,4,3
1575000678,4,3
1575000678,4,3
1575000678,4,3
1575000678,4,3
1575000678,4,3
1575000678,4,3
1575000678,4,3
1575000678,4,3
1575000678,4,3
1575000678,4,3
1575000678,4,3
1575000678,4,3
1575000678,4,3
1575000678,4,3
1575000678,4,3
1575000678,4,3
1575000678,4,3
1575000678,4,3
1575000678,4,3
1575000678,4,3
1575000678,602,601
1575000678,309,308
1575000678,308,307
1575000678,309,308
1575000678,306,305
1575000678,309,308
1575000678,309,308
1575000678,310,309
1575000678,311,310
1575000678,313,312
1575000678,310,309
1575000678,314,313
1575000678,315,314
1575000678,315,314
1575000678,320,319
1575000678,321,320
1575000678,323,322
1575000678,327,326
1575000678,339,338
1575000678,349,348
1575000678,346,345
1575000678,332,331
1575000678,332,331
1575000678,335,334
1575000678,339,338
1575000678,329,328
1575000678,328,327
1575000678,348,347
1575000678,337,336
1575000678,470,469
1575000678,341,340
1575000678,340,339
1575000678,331,330
1575000678,343,342
1575000678,340,339
1575000678,351,350
1575000678,349,348
1575000678,345,344
1575000678,345,344
1575000678,351,350
1575000678,335,334
1575000678,330,329
1575000678,334,333
1575000678,340,339
1575000678,339,338
1575000678,346,345
1575000678,329,328
1575000678,345,344
1575000678,342,341
1575000678,341,340
1575000678,342,341
1575000678,350,349
1575000678,342,341
1575000678,355,354
1575000678,338,337
1575000678,346,345
1575000678,341,340
1575000678,340,339
1575000678,335,334
1575000678,343,342
1575000678,344,343
1575000678,343,342
1575000678,345,344
1575000678,344,343
1575000678,345,344
1575000678,352,351
1575000678,354,353
1575000678,349,348
1575000678,357,356
1575000678,354,353
1575000678,358,357
1575000678,360,359
1575000678,360,359
1575000678,356,355
1575000678,350,349
1575000678,344,343
1575000678,334,333
1575000678,334,333
1575000678,338,337
1575000678,327,326
1575000678,339,338
1575000678,357,356
1575000678,346,345
1575000678,353,352
1575000678,346,345
1575000678,340,339
1575000678,325,324
1575000678,336,335
1575000678,339,338
1575000678,331,330
1575000678,328,327
1575000678,340,339
1575000678,339,338
1575000678,336,335
1575000678,357,356
1575000678,357,356
1575000678,352,351
1575000678,354,353
1575000678,353,352
1575000678,350,349
1575000678,350,349
1575000678,349,348
1575000678,350,349
1575000678,351,350
1575000678,354,353
1575000678,356,355
1575000678,355,354
1575000678,348,347
1575000678,357,356
1575000678,360,359
1575000678,353,352
1575000678,345,344
1575000678,345,344
1575000678,329,328
1575000678,312,311
1575000678,300,299
1575000678,293,292
1575000678,288,287
1575000678,295,294
1575000678,286,285
1575000678,289,288
1575000678,288,287
1575000678,288,287
1575000678,286,285
1575000678,288,287
1575000678,291,290
1575000678,550,549
1575000678,285,284
1575000678,297,296
1575000678,293,292
1575000678,292,291
1575000678,294,293
1575000678,287,286
1575000678,351,350
1575000678,483,482
1575000678,464,463
1575000678,440,439
1575000678,293,292
1575000678,293,292
1575000678,292,291
1575000678,441,440
1575000678,301,300
1575000678,334,333
1575000678,421,420
1575000678,422,421
1575000678,414,413
1575000678,291,290
1575000678,295,294
1575000678,293,292
1575000678,289,288
1575000678,300,299
1575000678,299,298
1575000678,297,296
1575000678,292,291
1575000678,336,335
1575000678,290,289
1575000678,289,288
1575000678,288,287
1575000678,288,287
1575000678,373,372
1575000678,301,300
1575000678,311,310
1575000678,341,340
1575000678,321,320
1575000678,303,302
1575000678,300,299
1575000678,291,290
1575000678,291,290
1575000678,297,296
1575000678,294,293
1575000678,292,291
1575000678,288,287
1575000678,293,292
1575000678,294,293
1575000678,293,292
1575000678,295,294
1575000678,293,292
1575000678,294,293
1575000678,294,293
1575000678,292,291
1575000678,289,288
1575000678,292,291
1575000678,289,288
1575000678,289,288
1575000678,287,286
1575000678,290,289
1575000678,425,424
1575000678,296,295
1575000678,297,296
1575000678,334,333
1575000678,142,0
1575000678,36,0
1575000678,5950,0
1575000678,272,0
1575000678,316,0
1575000678,408,0
1575000678,303,0
1575000678,358,0
1575000678,352,0
1575000678,302,0
1575000678,209,0
1575000678,149,0
1575000678,38,0
1575000678,2900,0
1575000678,282,0
1575000678,318,0
1575000678,358,0
1575000678,354,0
1575000678,378,0
1575000678,349,0
1575000678,320,0
1575000678,259,0
1575000678,208,0
1575000678,137,0
1575000678,39,0
1575000678,7907,7907
1575000678,3669,3669
1575000678,221,221
1575000678,253,253
1575000678,249,249
1575000678,274,274
1575000678,247,247
1575000678,251,251
1575000678,268,268
1575000678,214,214
1575000678,186,186
1575000678,148,148
1575000678,46,46
1575000678,5573,5573
1575000678,378,378
1575000678,299,299
1575000678,424,424
1575000678,406,406
1575000678,417,417
1575000678,348,348
1575000678,382,382
1575000678,411,411
1575000678,267,267
1575000678,189,189
1575000678,153,153
1575000678,113,113
1575000678,43,43
1575000678,3702,3702
1575000678,169,169
1575000678,205,205
1575000678,230,230
1575000678,192,192
1575000678,176,176
1575000678,184,184
1575000678,233,233
1575000678,221,221
1575000678,233,233
1575000678,45,45
1575000678,1663,1663
1575000678,187,187
1575000678,295,295
1575000678,195,195
1575000678,206,206
1575000678,167,167
1575000678,177,177
1575000678,135,135
1575000678,111,111
1575000678,48,48
1575000678,21871,21871
1575000678,2458,2458
1575000678,32,32
1575000678,33,33
1575000678,29,29
1575000678,28,28
1575000678,100,100
1575000678,32,32
1575000678,125,125
1575000678,31,31
1575000678,126,126
1575000678,26,26
1575000678,338,338
1575000678,41,41
1575000678,29,29
1575000678,6349,6349
1575000678,754,754
1575000678,42,42
1575000678,904,904
1575000678,59,59
1575000678,937,937
1575000678,71,71
1575000678,1141,1141
1575000678,60,60
1575000678,1777,1777
1575000678,52,52
1575000678,1709,1709
1575000678,52,52
1575000678,32,32
1575000678,6989,6989
1575000678,1545,1545
1575000678,51,51
1575000678,1206,1206
1575000678,65,65
1575000678,965,965
1575000678,54,54
1575000678,907,907
1575000678,75,75
1575000678,1469,1469
1575000678,73,73
1575000678,996,996
1575000678,48,48
1575000678,107,36
1575000678,6795,6795
1575000678,787,787
1575000678,52,52
1575000678,806,806
1575000678,79,79
1575000678,1119,1119
1575000678,79,79
1575000678,1509,1509
1575000678,80,80
1575000678,1414,1414
1575000678,92,92
1575000678,1072,1072
1575000678,68,68
1575000678,34,34
1575000678,4386,4386
1575000678,1021,1021
1575000678,60,60
1575000678,968,968
1575000678,95,95
1575000678,795,795
1575000678,41,41
1575000678,621,621
1575000678,43,43
1575000678,33,33
1575000678,28,28
1575000678,191,191
1575000678,39,39
1575000678,241,241
1575000678,30,30
1575000678,259,259
1575000678,34,34
1575000678,173,173
1575000678,300,299
1575000678,296,295
1575000678,307,306
1575000678,300,299
1575000678,305,304
1575000678,433,432
1575000678,301,300
1575000678,299,298
1575000678,303,302
1575000678,298,297
1575000678,293,292
1575000678,294,293
1575000678,295,294
1575000678,296,295
1575000678,294,293
1575000678,295,294
1575000678,294,293
1575000678,292,291
1575000678,292,291
1575000678,474,473
1575000678,463,462
1575000678,265,264
1575000678,253,252
1575000678,254,253
1575000678,471,470
1575000678,253,252
1575000678,251,250
1575000678,237,236
1575000678,223,222
1575000678,219,218
1575000678,482,481
1575000678,216,215
1575000678,215,214
1575000678,215,214
1575000678,214,213
1575000678,215,214
1575000678,214,213
1575000678,200,199
1575000678,213,212
1575000678,202,201
1575000678,187,186
1575000678,206,205
1575000678,210,209
1575000678,206,205
1575000678,187,186
1575000678,194,193
1575000678,183,182
1575000678,174,173
1575000678,192,191
1575000678,183,182
1575000678,176,175
1575000678,182,181
1575000678,174,173
1575000678,444,443
1575000678,213,212
1575000678,211,210
1575000678,203,202
1575000678,212,211
1575000678,412,411
1575000678,416,415
1575000678,204,203
1575000678,197,196
1575000678,471,470
1575000678,443,442
1575000678,268,267
1575000678,269,268
1575000678,271,270
1575000678,394,393
1575000678,244,243
1575000678,259,258
1575000678,326,325
1575000678,395,394
1575000678,437,436
1575000678,222,221
1575000678,236,235
1575000678,413,412
1575000678,346,345
1575000678,327,326
1575000678,337,336
1575000678,362,361
1575000678,334,333
1575000678,397,396
1575000678,421,420
1575000678,325,324
1575000678,303,302
1575000678,308,307
1575000678,312,311
1575000678,320,319
1575000678,233,232
1575000678,309,308
1575000678,250,249
1575000678,289,288
1575000678,227,226
1575000678,222,221
1575000678,340,339
1575000678,345,344
1575000678,244,243
1575000678,275,274
1575000678,226,225
1575000678,234,233
1575000678,230,229
1575000678,223,222
1575000678,235,234
1575000678,253,252
1575000678,276,275
1575000678,293,292
1575000678,303,302
1575000678,357,356
1575000678,203,202
1575000678,188,187
1575000678,183,182
1575000678,441,440
1575000678,291,290
1575000678,247,246
1575000678,247,246
1575000678,324,323
1575000678,431,430
1575000678,262,261
1575000678,252,251
1575000678,362,361
1575000678,223,222
1575000678,217,216
1575000678,402,401
1575000678,250,249
1575000678,242,241
1575000678,360,359
1575000678,244,243
1575000678,272,271
1575000678,254,253
1575000678,292,291
1575000678,266,265
1575000678,284,283
1575000678,238,237
1575000678,382,381
1575000678,223,222
1575000678,220,219
1575000678,217,216
1575000678,218,217
1575000678,223,222
1575000678,306,305
1575000678,217,216
1575000678,221,220
1575000678,219,218
1575000678,247,246
1575000678,283,282
1575000678,315,314
1575000678,324,323
1575000678,394,393
1575000678,236,235
1575000678,230,229
1575000678,413,412
1575000678,193,192
1575000678,190,189
1575000678,179,178
1575000678,454,453
1575000678,251,250
1575000678,230,229
1575000678,250,249
1575000678,233,232
1575000678,264,263
1575000678,261,260
1575000678,292,291
1575000678,305,304
1575000678,589,588
1575000678,410,409
1575000678,352,351
1575000678,304,303
1575000678,332,331
1575000678,275,274
1575000678,264,263
1575000678,265,264
1575000678,278,277
1575000678,270,269
1575000680,30944,30944
1575000680,5974,5974
1575000680,37,37
1575000680,145,145
1575000680,30,30
1575000680,158,158
1575000680,30,30
1575000680,757,757
1575000680,60,60
1575000680,1067,1067
1575000680,60,60
1575000680,833,833
1575000680,83,83
1575000680,38,38
1575000680,28,28
1575000680,10257,10257
1575000680,102,102
1575000680,1513,1513
1575000680,98,98
1575000680,2249,2249
1575000680,107,107
1575000680,2136,2136
1575000680,535,535
1575000680,1869,1869
1575000680,87,87
1575000680,1168,1168
1575000680,57,57
1575000680,37,37
1575000680,30,30
1575000680,6422,6422
1575000680,51,51
1575000680,695,695
1575000680,51,51
1575000680,686,686
1575000680,49,49
1575000680,581,581
1575000680,51,51
1575000680,424,424
1575000680,42,42
1575000680,31,31
1575000680,10501,10501
1575000680,1113,1113
1575000680,59,59
1575000680,524,524
1575000680,44,44
1575000680,127,127
1575000680,68,68
1575000680,59,59
1575000680,1302,1302
1575000680,2133,2133
1575000680,1662,1662
1575000680,142,142
1575000680,47,47
1575000680,18339,18339
1575000680,6416,6416
1575000680,1046,1046
1575000680,66,66
1575000680,519,519
1575000680,45,45
1575000680,486,486
1575000680,105,34
1575000680,345,274
1575000680,99,28
1575000680,101,30
1575000680,97,26
1575000680,337,266
1575000680,97,26
1575000680,603,532
1575000680,113,42
1575000680,236,165
1575000680,102,31
1575000680,25342,0
1575000680,8056,0
1575000680,382,0
1575000680,33,0
1575000680,204,0
1575000680,41,0
1575000680,952,0
1575000680,46,0
1575000680,2313,0
1575000680,59,0
1575000680,2148,0
1575000680,432,0
1575000680,1840,0
1575000680,59,0
1575000680,739,0
1575000680,42,0
1575000680,31,0
1575000680,3841,0
1575000680,425,0
1575000680,50,0
1575000680,288,0
1575000680,31,0
1575000680,132,0
1575000680,28,0
1575000680,68,0
1575000680,27,0
1575000680,87,0
1575000680,27,0
1575000680,59,0
1575000680,26,0
1575000680,97,0
1575000680,26,0
1575000680,26,0
1575000680,29,0
1575000680,56,0
1575000680,28,0
1575000680,53,0
1575000680,28,0
1575000680,49,0
1575000680,27,0
1575000680,65,0
1575000680,43,0
1575000680,44,0
1575000680,26,0
1575000680,134,0
1575000680,816,0
1575000680,59,0
1575000680,26,0
1575000680,97,0
1575000680,26,0
1575000680,114,0
1575000680,26,0
1575000680,61,0
1575000680,24,0
1575000680,71,0
1575000680,26,0
1575000680,26,0
1575000680,19205,0
1575000680,3250,0
1575000680,38,0
1575000680,745,0
1575000680,50,0
1575000680,1036,0
1575000680,74,0
1575000680,472,0
1575000680,34,0
1575000680,33,0
1575000680,26,0
1575000680,22581,0
1575000680,3647,0
1575000680,31,0
1575000680,31,0
1575000680,29,0
1575000680,28,0
1575000680,937,0
1575000680,669,0
1575000680,550,0
1575000680,37,0
1575000680,395,0
1575000680,30,0
1575000680,30,0
1575000680,26,0
1575000680,26,0
1575000680,151,0
1575000680,24,0
1575000680,24,0
1575000680,24,0
1575000680,24,0
1575000680,24,0
1575000680,24,0
1575000680,24,0
1575000680,24,0
1575000680,26,0
1575000680,24,0
1575000680,24,0
1575000680,19559,0
1575000680,12309,0
1575000680,513,0
1575000680,1500,0
1575000680,519,0
1575000680,548,0
1575000680,2077,0
1575000680,1255,0
1575000680,435,0
1575000680,1058,0
1575000680,276,0
1575000680,164,0
1575000680,41,0
1575000680,9228,0
1575000680,268,0
1575000680,863,0
1575000680,339,0
1575000680,1007,0
1575000680,370,0
1575000680,392,0
1575000680,787,0
1575000680,312,0
1575000680,351,0
1575000680,865,0
1575000680,210,0
1575000680,230,0
1575000680,31,0
1575000680,7353,0
1575000680,211,0
1575000680,257,0
1575000680,735,0
1575000680,237,0
1575000680,331,0
1575000680,232,0
1575000680,576,0
1575000680,224,0
1575000680,468,0
1575000680,205,0
1575000680,514,0
1575000680,176,0
1575000680,37,0
1575000680,5239,0
1575000680,626,0
1575000680,289,0
1575000680,418,0
1575000680,349,0
1575000680,356,0
1575000680,316,0
1575000680,253,0
1575000680,188,0
1575000680,310,0
1575000680,38,0
1575000680,3183,0
1575000680,494,0
1575000680,273,0
1575000680,303,0
1575000680,259,0
1575000680,258,0
1575000680,245,0
1575000680,253,0
1575000680,196,0
1575000680,135,0
1575000680,64,0
1575000680,36,0
1575000680,41355,0
1575000680,76,0
1575000680,33,0
1575000680,31,0
1575000680,256,0
1575000680,78,0
1575000680,192,0
1575000680,31,0
1575000680,26,0
1575000680,26,0
1575000680,24,0
1575000680,24,0
1575000680,26,0
1575000680,24,0
1575000680,24,0
1575000680,9301,0
1575000680,24,0
1575000680,26,0
1575000680,24,0
1575000680,24,0
1575000680,24,0
1575000680,1642,0
1575000680,111,0
1575000680,1055,0
1575000680,71,0
1575000680,50,0
1575000680,2353,0
1575000680,392,0
1575000680,33,0
1575000680,7662,0
1575000680,82,0
1575000680,1596,0
1575000680,45,0
1575000680,1271,0
1575000680,52,0
1575000680,1082,0
1575000680,336,0
1575000680,743,0
1575000680,217,0
1575000680,1141,0
1575000680,347,0
1575000680,553,0
1575000680,38,0
1575000680,11520,0
1575000680,284,0
1575000680,1577,0
1575000680,150,0
1575000680,1792,0
1575000680,60,0
1575000680,1541,0
1575000680,65,0
1575000680,1150,0
1575000680,44,0
1575000680,665,0
1575000680,45,0
1575000680,38,0
1575000680,26,0
1575000680,2547,0
1575000680,54,0
1575000680,325,0
1575000680,227,0
1575000680,229,0
1575000680,257,0
1575000680,32,0
1575000680,192,0
1575000680,38,0
1575000680,31,0
1575000680,26,0
1575000680,24,0
1575000680,27357,0
1575000680,850,0
1575000680,38,0
1575000680,32,0
1575000680,309,0
1575000680,31,0
1575000680,308,0
1575000680,39,0
1575000680,171,0
1575000680,309,0
1575000680,31,0
1575000680,32,0
1575000680,27,0
1575000680,7893,0
1575000680,28,0
1575000680,305,0
1575000680,28,0
1575000680,297,0
1575000680,28,0
1575000680,2144,0
1575000680,182,0
1575000680,2140,0
1575000680,518,0
1575000680,35,0
1575000680,40,0
1575000680,2507,0
1575000680,2131,0
1575000680,268,268
1575000680,278,278
1575000680,293,293
1575000680,277,277
1575000680,266,266
1575000680,277,277
1575000680,266,266
1575000680,382,382
1575000680,226,226
1575000680,223,223
1575000680,190,190
1575000680,202,202
1575000680,185,185
1575000680,184,184
1575000680,187,187
1575000680,177,177
1575000680,178,178
1575000680,236,236
1575000680,380,380
1575000680,450,450
1575000680,443,443
1575000680,476,476
1575000680,442,442
1575000680,429,429
1575000680,383,383
1575000680,224,224
1575000680,276,276
1575000680,297,297
1575000680,462,462
1575000680,212,212
1575000680,192,192
1575000680,186,186
1575000680,463,463
1575000680,279,279
1575000680,234,234
1575000680,280,280
1575000680,293,293
1575000680,320,320
1575000680,201,201
1575000680,406,405
1575000680,214,214
1575000680,218,218
1575000680,222,222
1575000680,216,216
1575000680,215,215
1575000680,214,214
1575000680,216,216
1575000680,281,281
1575000680,213,213
1575000680,215,215
1575000680,217,217
1575000680,220,220
1575000680,230,230
1575000680,217,217
1575000680,218,218
1575000680,220,220
1575000680,239,239
1575000680,282,282
1575000680,217,217
1575000680,216,216
1575000680,216,216
1575000680,227,227
1575000680,219,219
1575000680,216,216
1575000680,309,309
1575000680,211,211
1575000680,207,207
1575000680,211,211
1575000680,199,199
1575000680,189,189
1575000680,208,208
1575000680,191,191
1575000680,218,218
1575000680,276,276
1575000680,292,292
1575000680,343,343
1575000680,277,277
1575000680,285,285
1575000680,297,297
1575000680,401,401
1575000680,301,301
1575000680,174,174
1575000680,412,412
1575000680,298,298
1575000680,309,309
1575000680,274,274
1575000680,264,264
1575000680,268,268
1575000680,245,244
1575000680,218,217
1575000680,219,218
1575000680,208,207
1575000680,184,183
1575000680,183,182
1575000680,175,174
1575000680,190,189
1575000680,429,428
1575000680,403,402
1575000680,219,218
1575000680,338,337
1575000680,337,336
1575000680,315,314
1575000680,267,266
1575000680,450,449
1575000680,216,215
1575000680,215,214
1575000680,358,357
1575000680,223,222
1575000680,278,277
1575000680,222,221
1575000680,230,229
1575000680,222,221
1575000680,346,345
1575000680,213,212
1575000680,217,216
1575000680,377,376
1575000680,214,213
1575000680,218,217
1575000680,285,284
1575000680,251,250
1575000680,264,263
1575000680,235,234
1575000680,245,244
1575000680,284,283
1575000680,300,299
1575000680,256,255
1575000680,238,237
1575000680,274,273
1575000680,346,345
1575000680,446,445
1575000680,323,322
1575000680,215,214
1575000680,218,217
1575000680,217,216
1575000680,215,214
1575000680,205,204
1575000680,214,213
1575000680,286,285
1575000680,240,239
1575000680,238,237
1575000680,232,231
1575000680,298,297
1575000680,335,334
1575000680,367,366
1575000680,350,349
1575000680,392,391
1575000680,221,220
1575000680,227,226
1575000680,185,184
1575000680,337,336
1575000680,370,369
1575000680,352,351
1575000680,203,202
1575000680,216,215
1575000680,381,380
1575000680,370,369
1575000680,365,364
1575000680,257,256
1575000680,176,175
1575000680,450,449
1575000680,206,205
1575000680,286,285
1575000680,284,283
1575000680,278,277
1575000680,548,547
1575000680,365,364
1575000680,330,329
1575000680,319,318
1575000680,299,298
1575000680,301,300
1575000680,309,308
1575000680,293,292
1575000680,281,280
1575000680,330,329
1575000680,413,412
1575000680,308,307
1575000680,306,305
1575000680,215,214
1575000680,222,221
1575000680,339,338
1575000680,311,310
1575000680,310,309
1575000680,417,416
1575000680,453,452
1575000680,210,209
1575000680,372,371
1575000680,309,308
1575000680,273,272
1575000680,237,236
1575000680,227,226
1575000680,342,341
1575000680,251,250
1575000680,484,483
1575000680,310,309
1575000680,261,260
1575000680,276,275
1575000680,335,334
1575000680,351,350
1575000680,249,248
1575000680,258,257
1575000680,286,285
1575000680,267,266
1575000680,381,380
1575000680,252,251
1575000680,239,238
1575000680,265,264
1575000680,335,334
1575000680,231,230
1575000680,336,335
1575000680,339,338
1575000680,232,231
1575000680,226,225
1575000680,253,252
1575000680,293,292
1575000680,220,219
1575000680,227,226
1575000680,319,318
1575000680,225,224
1575000680,219,218
1575000680,447,446
1575000680,223,222
1575000680,227,226
1575000680,285,284
1575000680,214,213
1575000680,282,281
1575000680,360,359
1575000680,370,369
1575000680,362,361
1575000680,266,265
1575000680,390,389
1575000680,333,332
1575000680,326,325
1575000680,230,229
1575000680,221,220
1575000680,217,216
1575000680,219,218
1575000680,178,177
1575000680,183,182
1575000680,170,169
1575000680,181,180
1575000680,180,179
1575000680,187,186
1575000680,199,198
1575000680,207,206
1575000680,204,203
1575000680,191,190
1575000680,189,188
1575000680,193,192
1575000680,189,188
1575000680,207,206
1575000680,200,199
1575000680,192,191
1575000680,178,177
1575000680,181,180
1575000680,177,176
1575000680,182,181
1575000680,171,170
1575000680,175,174
1575000680,225,224
1575000680,234,233
1575000680,386,385
1575000680,341,340
1575000680,398,397
1575000680,249,248
1575000680,285,284
1575000680,233,232
1575000680,202,201
1575000680,196,195
1575000680,439,438
1575000680,215,214
1575000680,221,220
1575000680,367,366
1575000680,238,237
1575000680,239,238
1575000680,286,285
1575000680,226,225
1575000680,362,361
1575000680,382,381
1575000680,184,183
1575000680,226,225
1575000680,427,426
1575000680,247,246
1575000680,286,285
1575000680,262,261
1575000680,302,301
1575000680,349,348
1575000680,443,442
1575000680,380,379
1575000680,235,234
1575000680,343,342
1575000680,294,293
1575000680,215,214
1575000680,344,343
1575000680,323,322
1575000680,441,440
1575000680,401,400
1575000680,307,306
1575000680,235,234
1575000680,224,223
1575000680,223,222
1575000680,378,377
1575000680,293,292
1575000680,421,420
1575000680,239,238
1575000680,261,260
1575000680,264,263
1575000680,255,254
1575000680,263,262
1575000680,236,235
1575000680,256,255
1575000680,318,317
1575000680,254,253
1575000680,236,235
1575000680,260,259
1575000680,317,316
1575000680,304,303
1575000680,449,448
1575000680,345,344
1575000680,273,272
1575000680,224,223
1575000680,224,223
1575000680,216,215
1575000680,220,219
1575000680,303,302
1575000680,323,322
1575000680,293,292
1575000680,314,313
1575000680,308,307
1575000680,326,325
1575000680,351,350
1575000680,358,357
1575000680,364,363
1575000680,402,401
1575000680,396,395
1575000680,332,331
1575000680,315,314
1575000680,338,337
1575000680,339,338
1575000680,165,164
1575000680,218,217
1575000680,264,263
1575000680,211,210
1575000680,217,216
1575000680,215,214
1575000680,220,219
1575000680,179,178
1575000680,186,185
1575000680,187,186
1575000680,384,383
1575000680,331,330
1575000680,217,216
1575000680,211,210
1575000680,228,227
1575000680,367,366
1575000680,622,621
1575000680,635,634
1575000680,499,498
1575000680,264,263
1575000680,263,262
1575000680,274,273
1575000680,255,254
1575000680,254,253
1575000680,246,245
1575000680,419,418
1575000680,228,227
1575000680,405,404
1575000680,282,281
1575000680,309,308
1575000680,340,339
1575000680,302,301
1575000680,317,316
1575000680,514,513
1575000680,281,280
1575000680,291,290
1575000680,279,278
1575000680,579,578
1575000680,286,285
1575000680,308,307
1575000680,411,410
1575000680,414,413
1575000680,439,438
1575000680,296,295
1575000680,270,269
1575000680,351,350
1575000680,308,307
1575000680,285,284
1575000680,267,266
1575000680,511,510
1575000680,350,349
1575000680,365,364
1575000680,309,308
1575000680,379,378
1575000680,223,222
1575000680,327,326
1575000680,521,520
1575000680,430,429
1575000680,548,547
1575000680,265,264
1575000680,577,576
1575000680,416,415
1575000680,327,326
1575000680,287,286
1575000680,283,282
1575000680,311,310
1575000680,389,388
1575000680,488,487
1575000680,294,293
1575000680,293,292
1575000680,266,265
1575000680,403,402
1575000680,410,409
1575000680,272,271
1575000680,335,334
1575000680,382,381
1575000680,451,450
1575000680,484,483
1575000680,409,408
1575000680,618,617
1575000680,444,443
1575000680,286,285
1575000680,268,267
1575000680,265,264
1575000680,254,253
1575000680,275,274
1575000680,263,262
1575000680,240,239
1575000680,322,321
1575000680,339,338
1575000680,383,382
1575000680,426,425
1575000680,448,447
1575000680,307,306
1575000680,295,294
1575000680,283,282
1575000680,268,267
1575000680,263,262
1575000680,420,419
1575000680,357,356
1575000680,324,323
1575000680,289,288
1575000680,271,270
1575000680,528,527
1575000680,288,287
1575000680,413,412
1575000680,293,292
1575000680,285,284
1575000680,288,287
1575000680,291,290
1575000680,280,279
1575000680,282,281
1575000680,280,279
1575000680,557,556
1575000680,257,256
1575000680,318,317
1575000680,393,392
1575000680,451,450
1575000680,438,437
1575000680,509,508
1575000680,278,277
1575000680,612,611
1575000680,254,253
1575000680,266,265
1575000680,258,257
1575000680,589,588
1575000680,253,252
1575000680,256,255
1575000680,320,319
1575000680,332,331
1575000680,452,451
1575000680,290,289
1575000680,439,438
1575000680,289,288
1575000680,269,268
1575000680,370,369
1575000680,273,272
1575000680,307,306
1575000680,330,329
1575000680,256,255
1575000680,312,311
1575000680,518,517
1575000680,465,464
1575000680,356,355
1575000680,490,489
1575000680,395,394
1575000680,295,294
1575000680,276,275
1575000680,293,292
1575000680,437,436
1575000680,290,289
1575000680,273,272
1575000680,467,466
1575000680,430,429
1575000680,374,373
1575000680,513,512
1575000680,377,376
1575000680,268,267
1575000680,271,270
1575000680,586,585
1575000680,261,260
1575000680,402,401
1575000684,538,538
1575000684,333,333
1575000684,246,246
1575000684,580,580
1575000684,606,605
1575000684,596,595
1575000684,306,305
1575000684,282,281
1575000684,337,336
1575000684,268,267
1575000684,320,319
1575000684,394,393
1575000684,308,307
1575000684,392,391
1575000684,245,244
1575000684,255,254
1575000684,548,547
1575000684,504,503
1575000684,463,462
1575000684,287,286
1575000684,312,311
1575000684,298,297
1575000684,280,279
1575000684,289,288
1575000684,275,274
1575000684,263,262
1575000684,256,255
1575000684,253,252
1575000684,266,265
1575000684,629,628
1575000684,296,295
1575000684,307,306
1575000684,355,354
1575000684,265,264
1575000684,560,559
1575000684,333,332
1575000684,261,260
1575000684,264,263
1575000684,415,414
1575000684,232,231
1575000684,217,216
1575000684,237,236
1575000684,229,228
1575000684,227,226
1575000684,267,266
1575000684,247,246
1575000684,240,239
1575000684,241,240
1575000684,282,281
1575000684,449,448
1575000684,239,238
1575000684,278,277
1575000684,277,276
1575000684,582,581
1575000684,458,457
1575000684,490,489
1575000684,323,322
1575000684,296,295
1575000684,426,425
1575000684,282,281
1575000684,347,346
1575000684,261,260
1575000684,253,252
1575000684,565,564
1575000684,285,284
1575000684,248,247
1575000684,239,238
1575000684,276,275
1575000684,278,277
1575000684,297,296
1575000684,315,314
1575000684,285,284
1575000684,499,498
1575000684,263,262
1575000684,263,262
1575000684,268,267
1575000684,262,261
1575000684,265,264
1575000684,570,569
1575000684,247,246
1575000684,286,285
1575000684,446,445
1575000684,262,261
1575000684,599,598
1575000684,260,259
1575000684,440,439
1575000684,287,286
1575000684,492,491
1575000684,252,251
1575000684,239,238
1575000684,223,222
1575000684,282,281
1575000684,326,325
1575000684,306,305
1575000684,289,288
1575000684,284,283
1575000684,265,264
1575000684,310,309
1575000684,297,296
1575000684,336,335
1575000684,425,424
1575000684,300,299
1575000684,286,285
1575000684,260,259
1575000684,278,277
1575000684,323,322
1575000684,343,342
1575000684,372,371
1575000684,380,379
1575000684,239,238
1575000684,448,447
1575000684,287,286
1575000684,266,265
1575000684,274,273
1575000684,284,283
1575000684,261,260
1575000684,275,274
1575000684,290,289
1575000684,493,492
1575000684,280,279
1575000684,299,298
1575000684,289,288
1575000684,260,259
1575000684,259,258
1575000684,256,255
1575000684,260,259
1575000684,253,252
1575000684,255,254
1575000684,572,571
1575000684,248,247
1575000684,261,260
1575000684,253,252
1575000684,308,307
1575000684,415,414
1575000684,438,437
1575000684,274,273
1575000684,384,383
1575000684,391,390
1575000684,379,378
1575000684,302,301
1575000684,264,263
1575000684,449,448
1575000684,284,283
1575000684,452,451
1575000684,401,400
1575000684,448,447
1575000684,293,292
1575000684,301,300
1575000684,275,274
1575000684,309,308
1575000684,329,328
1575000684,294,293
1575000684,411,410
1575000684,425,424
1575000684,460,459
1575000684,522,521
1575000684,435,434
1575000684,430,429
1575000684,437,436
1575000684,292,291
1575000684,261,260
1575000684,251,250
1575000684,327,326
1575000684,338,337
1575000684,314,313
1575000684,323,322
1575000684,257,256
1575000684,293,292
1575000684,310,309
1575000684,292,291
1575000684,460,459
1575000684,282,281
1575000684,298,297
1575000684,445,444
1575000684,252,251
1575000684,296,295
1575000684,280,279
1575000684,294,293
1575000684,575,574
1575000684,238,237
1575000684,222,221
1575000684,294,293
1575000684,287,286
1575000684,292,291
1575000684,287,286
1575000684,269,268
1575000684,271,270
1575000684,440,439
1575000684,268,267
1575000684,256,255
1575000684,303,302
1575000684,377,376
1575000684,304,303
1575000684,365,364
1575000684,503,502
1575000684,393,392
1575000684,297,296
1575000684,308,307
1575000684,461,460
1575000684,335,334
1575000684,500,499
1575000684,262,261
1575000684,400,399
1575000684,534,533
1575000684,313,312
1575000684,396,395
1575000684,375,374
1575000684,286,285
1575000684,269,268
1575000684,245,244
1575000684,242,241
1575000684,552,551
1575000684,250,249
1575000684,234,233
1575000684,275,274
1575000684,222,221
1575000684,453,452
1575000684,338,337
1575000684,359,358
1575000684,306,305
1575000684,287,286
1575000684,270,269
1575000684,276,275
1575000684,512,511
1575000684,350,349
1575000684,536,535
1575000684,237,236
1575000684,248,247
1575000684,546,545
1575000684,242,241
1575000684,271,270
1575000684,308,307
1575000684,549,548
1575000684,327,326
1575000684,234,233
1575000684,245,244
1575000684,268,267
1575000684,265,264
1575000684,257,256
1575000684,336,335
1575000684,288,287
1575000684,433,432
1575000684,290,289
1575000684,308,307
1575000684,317,316
1575000684,282,281
1575000684,257,256
1575000684,243,242
1575000684,241,240
1575000684,232,231
1575000684,227,226
1575000684,257,256
1575000684,257,256
1575000684,620,619
1575000684,343,342
1575000684,403,402
1575000684,334,333
1575000684,316,315
1575000684,351,350
1575000684,279,278
1575000684,304,303
1575000684,261,260
1575000684,302,301
1575000684,302,301
1575000684,313,312
1575000684,287,286
1575000684,547,546
1575000684,269,268
1575000684,269,268
1575000684,284,283
1575000684,328,327
1575000684,324,323
1575000684,434,433
1575000684,289,288
1575000684,385,384
1575000684,245,244
1575000684,295,294
1575000684,244,243
1575000684,411,410
1575000684,228,227
1575000684,262,261
1575000684,303,302
1575000684,299,298
1575000684,404,403
1575000684,318,317
1575000684,311,310
1575000684,315,314
1575000684,293,292
1575000684,296,295
1575000684,290,289
1575000684,288,287
1575000684,505,504
1575000684,391,390
1575000684,328,327
1575000684,645,644
1575000684,318,317
1575000684,526,525
1575000684,298,297
1575000684,303,302
1575000684,307,306
1575000684,309,308
1575000684,313,312
1575000684,301,300
1575000684,640,639
1575000684,317,316
1575000684,385,384
1575000684,334,333
1575000684,468,467
1575000684,337,336
1575000684,330,329
1575000684,309,308
1575000684,316,315
1575000684,313,312
1575000684,309,308
1575000684,301,300
1575000684,394,393
1575000684,495,494
1575000684,457,456
1575000684,487,486
1575000684,476,475
1575000684,300,299
1575000684,298,297
1575000684,297,296
1575000684,287,286
1575000684,428,427
1575000684,253,252
1575000684,268,267
1575000684,271,270
1575000684,573,572
1575000684,252,251
1575000684,281,280
1575000684,578,577
1575000684,286,285
1575000684,277,276
1575000684,277,276
1575000684,340,339
1575000684,379,378
1575000684,243,242
1575000684,420,419
1575000684,346,345
1575000684,303,302
1575000684,553,552
1575000684,272,271
1575000684,398,397
1575000684,294,293
1575000684,224,223
1575000684,522,521
1575000684,254,253
1575000684,265,264
1575000684,296,295
1575000684,289,288
1575000684,313,312
1575000684,342,341
1575000684,321,320
1575000684,315,314
1575000684,309,308
1575000684,316,315
1575000684,306,305
1575000684,307,306
1575000684,299,298
1575000684,299,298
1575000684,302,301
1575000684,299,298
1575000684,307,306
1575000684,317,316
1575000684,319,318
1575000684,368,367
1575000684,302,301
1575000684,300,299
1575000684,302,301
1575000684,298,297
1575000684,300,299
1575000684,320,319
1575000684,322,321
1575000684,324,323
1575000684,323,322
1575000684,295,294
1575000684,302,301
1575000684,273,272
1575000684,278,277
1575000684,303,302
1575000684,316,315
1575000684,314,313
1575000684,325,324
1575000684,335,334
1575000684,329,328
1575000684,336,335
1575000684,347,346
1575000684,337,336
1575000684,341,340
1575000684,344,343
1575000684,548,547
1575000684,323,322
1575000684,311,310
1575000684,408,407
1575000684,367,366
1575000684,366,365
1575000684,309,308
1575000684,298,297
1575000684,318,317
1575000684,295,294
1575000684,322,321
1575000684,310,309
1575000684,631,630
1575000684,272,271
1575000684,265,264
1575000684,304,303
1575000684,360,359
1575000684,287,286
1575000684,226,225
1575000684,220,219
1575000684,276,275
1575000684,242,241
1575000684,246,245
1575000684,245,244
1575000684,318,317
1575000684,353,352
1575000684,393,392
1575000684,574,573
1575000684,366,365
1575000684,252,251
1575000684,325,324
1575000684,495,494
1575000684,309,308
1575000684,396,395
1575000684,272,271
1575000684,276,275
1575000684,259,258
1575000684,347,346
1575000684,257,256
1575000684,280,279
1575000684,307,306
1575000684,325,324
1575000684,346,345
1575000684,305,304
1575000684,475,474
1575000684,314,313
1575000684,485,484
1575000684,446,445
1575000684,361,360
1575000684,563,562
1575000684,552,551
1575000684,287,286
1575000684,302,301
1575000684,268,267
1575000684,474,473
1575000684,295,294
1575000684,291,290
1575000684,443,442
1575000684,264,263
1575000684,269,268
1575000684,244,243
1575000684,238,237
1575000684,276,275
1575000684,297,296
1575000684,393,392
1575000684,304,303
1575000684,434,433
1575000684,326,325
1575000684,547,546
1575000684,374,373
1575000684,284,283
1575000684,326,325
1575000684,343,342
1575000684,302,301
1575000684,328,327
1575000684,453,452
1575000684,313,312
1575000684,313,312
1575000684,308,307
1575000684,309,308
1575000684,309,308
1575000684,326,325
1575000684,320,319
1575000684,590,589
1575000684,296,295
1575000684,280,279
1575000684,288,287
1575000684,268,267
1575000684,252,251
1575000684,273,272
1575000684,499,498
1575000684,262,261
1575000684,278,277
1575000684,279,278
1575000684,371,370
1575000684,426,425
1575000684,290,289
1575000684,413,412
1575000684,368,367
1575000684,360,359
1575000684,441,440
1575000684,231,230
1575000684,368,367
1575000684,467,466
1575000684,278,277
1575000684,457,456
1575000684,301,300
1575000684,289,288
1575000684,283,282
